source,id,title,make,model,year,price,fair,below,comps,mileage,condition,city,transmission,fuel,inspected,grade,accident,url
Autochek,NNY0lAey7,RANGE ROVER Vogue,,,2014,24000000.0,,,0,150000.0,local,Lagos ,automatic,petrol,False,3,False,https://autochek.africa/ng/car/NNY0lAey7
Autochek,jDEivWY3u,RANGE ROVER Vogue,,,2016,17500000.0,,,0,,foreign,Lagos ,automatic,petrol,False,3,False,https://autochek.africa/ng/car/jDEivWY3u
Autochek,-ABjeLxiA,RANGE ROVER Vogue,,,2019,100000000.0,,,0,4000.0,foreign,,automatic,petrol,True,4.400000095367432,False,https://autochek.africa/ng/car/-ABjeLxiA
Autochek,As5NHbduv,Lamborghini URUS,,,2022,455000000.0,,,0,13290.0,foreign,,automatic,petrol,False,3,False,https://autochek.africa/ng/car/As5NHbduv
Autochek,iWkrUrw9J,RANGE ROVER Autobiography,,,2023,300000000.0,,,0,5464.0,new,CBD,automatic,petrol,False,4.5,False,https://autochek.africa/ng/car/iWkrUrw9J
Autochek,ErpPykiBu,DONGFENG FORTHING T5 EVO,,,2024,45000000.0,,,0,41840.0,local,Gwarinpa,automatic,petrol,False,3,False,https://autochek.africa/ng/car/ErpPykiBu
Autochek,Usf1MtGzk,Acura Accent,acura,accent,2011,6700000.0,,,0,134711.0,local,Lagos ,automatic,petrol,True,1.7000000476837158,False,https://autochek.africa/ng/car/Usf1MtGzk
Autochek,J304j44pi,Acura MDX,acura,mdx,2008,6500000.0,,,0,87690.0,local,Ikeja,automatic,petrol,False,3,False,https://autochek.africa/ng/car/J304j44pi
Autochek,sf90DzGAA,Acura MDX,acura,mdx,2009,6500000.0,,,0,,local,Idimu,automatic,petrol,False,3,False,https://autochek.africa/ng/car/sf90DzGAA
Autochek,ohB2Isrq_,Acura MDX,acura,mdx,2010,12000000.0,,,0,103023.0,foreign,Gwarimpa ,automatic,petrol,False,3,False,https://autochek.africa/ng/car/ohB2Isrq_
Autochek,OlYpOBQsy,Acura MDX,acura,mdx,2011,6000000.0,,,0,123000.0,local,Ago palace way,automatic,petrol,False,3,False,https://autochek.africa/ng/car/OlYpOBQsy
Autochek,A1mEHhpKd,Acura MDX,acura,mdx,2011,8500000.0,,,0,219610.0,local,Ago,automatic,petrol,True,3,False,https://autochek.africa/ng/car/A1mEHhpKd
Autochek,rjgXV5sKY,Acura MDX,acura,mdx,2011,11500000.0,,,0,98178.0,foreign,,automatic,petrol,True,4,False,https://autochek.africa/ng/car/rjgXV5sKY
Autochek,xpY-DXKqi,Acura MDX,acura,mdx,2014,14500000.0,,,0,80000.0,foreign,Ojodu berger,automatic,petrol,False,3,False,https://autochek.africa/ng/car/xpY-DXKqi
Autochek,w_ys3emXJ,Acura MDX,acura,mdx,2015,16000000.0,,,0,78910.0,foreign,Ikeja,automatic,petrol,False,3,False,https://autochek.africa/ng/car/w_ys3emXJ
Autochek,uOw4y0_Vf,Acura MDX,acura,mdx,2016,15000000.0,,,0,70011.0,local,Surulere,automatic,petrol,True,3.4000000953674316,False,https://autochek.africa/ng/car/uOw4y0_Vf
Autochek,14sDBab2e,Acura MDX,acura,mdx,2016,16000000.0,,,0,3000.0,local,,automatic,petrol,False,3,False,https://autochek.africa/ng/car/14sDBab2e
Autochek,LC80h-6l3,Acura MDX,acura,mdx,2016,18500000.0,,,0,,foreign,Alimosho,automatic,petrol,False,3,False,https://autochek.africa/ng/car/LC80h-6l3
Autochek,TmwbG3A01,Acura MDX,acura,mdx,2017,16000000.0,,,0,170409.0,foreign,Gwarimpa ,automatic,petrol,True,4.099999904632568,False,https://autochek.africa/ng/car/TmwbG3A01
Autochek,45a3a7E3o,Acura MDX,acura,mdx,2020,41000000.0,,,0,,foreign,Igando,automatic,petrol,False,3,False,https://autochek.africa/ng/car/45a3a7E3o
Autochek,x3A_-g7Kb,Acura ZDX,acura,zdx,2010,14500000.0,,,0,1234.0,foreign,,automatic,petrol,False,3,False,https://autochek.africa/ng/car/x3A_-g7Kb
Autochek,O32CSKSqT,Audi A6,audi,a6,2016,36500000.0,,,0,180000.0,foreign,Gwarinpa,automatic,petrol,False,3,False,https://autochek.africa/ng/car/O32CSKSqT
Autochek,9NZf_4Yv1,Audi Q5,audi,q5,2015,17500000.0,,,0,107654.0,foreign,Gwarimpa ,automatic,petrol,False,3,False,https://autochek.africa/ng/car/9NZf_4Yv1
Autochek,OvwDnnbwd,BMW 328i,bmw,328i,2013,14800000.0,,,0,98765.0,foreign,Gwarimpa ,automatic,petrol,False,3,False,https://autochek.africa/ng/car/OvwDnnbwd
Autochek,1j7CfZJ1j,BMW 428i,bmw,428i,2016,18000000.0,,,0,154533.0,foreign,Gwarinpa,automatic,petrol,False,3,False,https://autochek.africa/ng/car/1j7CfZJ1j
Autochek,VH_PA6xmC,BMW 528xi,bmw,528xi,2012,15500000.0,,,0,88912.0,foreign,Abule egba ,automatic,petrol,False,3,False,https://autochek.africa/ng/cars-for-sale/528xi/bmw/VH_PA6xmC
Autochek,LxBm8iSi0,BMW X3,bmw,x3,2005,5500000.0,,,0,198000.0,local,Lagos,automatic,petrol,False,3,False,https://autochek.africa/ng/car/LxBm8iSi0
Autochek,Xu2Q5zIWD,BMW X5,bmw,x5,2014,29000000.0,,,0,86901.0,foreign,Gwarinpa,automatic,petrol,False,3,False,https://autochek.africa/ng/car/Xu2Q5zIWD
Autochek,T-vAfuZ2g,BMW X6,bmw,x6,2020,50000000.0,,,0,10000.0,foreign,Lagos,automatic,petrol,False,3,False,https://autochek.africa/ng/car/T-vAfuZ2g
Autochek,D7AfKQNNJ,Cadillac ATS,cadillac,ats,2016,9500000.0,,,0,104388.0,foreign,Gwarimpa ,automatic,petrol,False,3,False,https://autochek.africa/ng/car/D7AfKQNNJ
Autochek,Nq-SJ962H,Cadillac Escalade ESV,cadillac,escalade,2021,145000000.0,,,0,112299.0,foreign,Lagos,automatic,petrol,True,4.199999809265137,False,https://autochek.africa/ng/car/Nq-SJ962H
Autochek,JlnO7c0qv,CHANGAN CS 75,changan,cs,2024,45000000.0,,,0,130000.0,foreign,Katampe,automatic,petrol,False,3,False,https://autochek.africa/ng/car/JlnO7c0qv
Autochek,tJs51mjqd,CHANGAN Uni-k,changan,uni-k,2021,38000000.0,,,0,35908.0,local,Ikeja ,automatic,petrol,True,3.9000000953674316,False,https://autochek.africa/ng/car/tJs51mjqd
Autochek,6pF6wgx72,CHANGAN Uni-k,changan,uni-k,2022,35000000.0,,,0,47733.0,foreign,Iyana Iba,automatic,hybrid-petrol,True,4.300000190734863,False,https://autochek.africa/ng/car/6pF6wgx72
Autochek,nRMcqDV-h,Chevrolet Camaro,chevrolet,camaro,2016,35000000.0,,,0,76740.0,foreign,Ibadan,automatic,petrol,False,3,False,https://autochek.africa/ng/car/nRMcqDV-h
Autochek,RHxWjm6Iu,Chevrolet Cruze,chevrolet,cruze,2017,13000000.0,,,0,85000.0,foreign,,automatic,petrol,False,3,False,https://autochek.africa/ng/car/RHxWjm6Iu
Autochek,O2YD4NlkQ,Dodge Challenger,dodge,challenger,2016,12096945.0,,,0,,foreign,,automatic,petrol,True,4.400000095367432,False,https://autochek.africa/ng/car/O2YD4NlkQ
Autochek,00Cd3kpSE,Dodge Charger,dodge,charger,2017,16000000.0,,,0,122760.0,foreign,Katempe ,automatic,petrol,False,3,False,https://autochek.africa/ng/car/00Cd3kpSE
Autochek,b6X69j9b2,Dodge Charger,dodge,charger,2017,17000000.0,,,0,50000.0,foreign,Ilupeju,automatic,petrol,True,4.400000095367432,False,https://autochek.africa/ng/car/b6X69j9b2
Autochek,ay9zP54JR,Ford E-250,ford,e-250,2014,13000000.0,,,0,102547.0,foreign,Lagos,automatic,petrol,False,3,False,https://autochek.africa/ng/car/ay9zP54JR
Autochek,yfRqqXio3,Ford Edge,ford,edge,2012,14000000.0,,,0,86876.0,foreign,abuja,automatic,petrol,False,3,False,https://autochek.africa/ng/car/yfRqqXio3
Autochek,9KkDJWMJG,Ford Edge,ford,edge,2015,16000000.0,,,0,85210.0,foreign,Lagos ,automatic,petrol,False,3,False,https://autochek.africa/ng/car/9KkDJWMJG
Autochek,GRrq4avRK,Ford Edge 3.5L,ford,edge,2016,15000000.0,,,0,1200.0,foreign,Lagos,automatic,petrol,True,4.400000095367432,False,https://autochek.africa/ng/car/GRrq4avRK
Autochek,yzRi0ANrr,Ford Edge,ford,edge,2017,20000000.0,,,0,20666.0,foreign,Ago palace way,automatic,petrol,False,3,False,https://autochek.africa/ng/car/yzRi0ANrr
Autochek,2nAaskzye,Ford Edge,ford,edge,2022,35000000.0,,,0,2000.0,foreign,Yaba,automatic,petrol,False,3,False,https://autochek.africa/ng/cars-for-sale/edge/ford/2nAaskzye
Autochek,ls1Kgh9a_,Ford Escape,ford,escape,2016,14000000.0,,,0,32123.0,foreign,,automatic,petrol,False,3,False,https://autochek.africa/ng/car/ls1Kgh9a_
Autochek,vx9IV7iZK,Ford Explorer,ford,explorer,2018,20500000.0,,,0,113750.0,foreign,"Ikota, Lekki",automatic,petrol,False,3,False,https://autochek.africa/ng/car/vx9IV7iZK
Autochek,vszyjxFCZ,Ford F 150,ford,f,2010,8000000.0,,,0,,local,Lagos,automatic,petrol,False,3,False,https://autochek.africa/ng/car/vszyjxFCZ
Autochek,y7i3JieCN,Ford F-150,ford,f-150,2017,39000000.0,,,0,150000.0,foreign,Central Business Dis,automatic,petrol,False,3,False,https://autochek.africa/ng/car/y7i3JieCN
Autochek,r-Wv6xix2,Ford Fusion,ford,fusion,2017,10800000.0,,,0,179361.0,foreign,Ikeja/Ogba,automatic,petrol,True,2.5999999046325684,False,https://autochek.africa/ng/car/r-Wv6xix2
Autochek,PEIaxe_a2,Ford Fusion,ford,fusion,2019,10000000.0,,,0,122126.0,foreign,Abule-Egba/Aboru/Meiran/Alagbado,automatic,petrol,True,2.0999999046325684,False,https://autochek.africa/ng/car/PEIaxe_a2
Autochek,8HzzyphT_,Ford Mustang,ford,mustang,2011,15000000.0,,,0,94567.0,foreign,,automatic,petrol,False,3,False,https://autochek.africa/ng/car/8HzzyphT_
Autochek,eTCfKhNKW,Ford Mustang,ford,mustang,2022,48500000.0,,,0,25672.0,foreign,CBD,manual,petrol,False,3,False,https://autochek.africa/ng/car/eTCfKhNKW
Autochek,log8joM_c,GAC  Gs3,gac,gs3,2021,30000000.0,,,0,1200.0,local,Lagos ,automatic,petrol,True,3.4000000953674316,False,https://autochek.africa/ng/car/log8joM_c
Autochek,G6IHDfbaU,GEELY X6 PRO,geely,x6,2026,65000000.0,,,0,5000.0,new,Maitama,automatic,petrol,False,4.5,False,https://autochek.africa/ng/car/G6IHDfbaU
Autochek,hPPYxwniR,Honda Accord,honda,accord,2006,3000000.0,,,0,151212.0,local,Nyanya,automatic,petrol,False,3,False,https://autochek.africa/ng/car/hPPYxwniR
Autochek,Xs10KhtvR,Honda Accord,honda,accord,2006,3300000.0,,,0,171111.0,local,Nyanya,automatic,petrol,False,3,False,https://autochek.africa/ng/car/Xs10KhtvR
Autochek,qi9zrQvZo,Honda Accord,honda,accord,2008,4000000.0,,,0,146575.0,local,Ojodu berger,automatic,petrol,True,2.200000047683716,False,https://autochek.africa/ng/car/qi9zrQvZo
Autochek,0bxTxW-mw,Honda Accord,honda,accord,2008,8500000.0,,,0,340408.0,foreign,Abule-Egba/Aboru/Meiran/Alagbado,automatic,petrol,True,3.0999999046325684,False,https://autochek.africa/ng/car/0bxTxW-mw
Autochek,vj8cODJbl,Honda Accord,honda,accord,2009,3500000.0,,,0,102340.0,local,Mabushi,automatic,petrol,False,3,False,https://autochek.africa/ng/car/vj8cODJbl
Autochek,ztOI3cgJx,Honda Accord,honda,accord,2010,5100000.0,,,0,192654.0,local,Lagos ,automatic,petrol,False,3,False,https://autochek.africa/ng/cars-for-sale/accord/honda/ztOI3cgJx
Autochek,r-2G0NaZl,Honda Accord,honda,accord,2010,6500000.0,,,0,247478.0,local,,automatic,petrol,False,3,False,https://autochek.africa/ng/car/r-2G0NaZl
Autochek,v35tJD3UR,Honda Accord,honda,accord,2010,9500000.0,,,0,188000.0,foreign,Ijegun Ikotun,automatic,petrol,False,3,False,https://autochek.africa/ng/car/v35tJD3UR
Autochek,PvHvwHBOR,Honda Accord,honda,accord,2011,6000000.0,6094000.0,1.5,5,123456.0,local,Gudu District,automatic,petrol,False,3,False,https://autochek.africa/ng/cars-for-sale/honda/accord/PvHvwHBOR
Autochek,z_n0K_HxT,Honda Accord,honda,accord,2012,5000000.0,8375000.0,40.3,12,157969.0,local,Abule Egba,automatic,petrol,True,2.200000047683716,False,https://autochek.africa/ng/car/z_n0K_HxT
Autochek,9lPAwYPV3,Honda Accord,honda,accord,2012,5700000.0,8031000.0,29.0,12,198000.0,local,Abule Egba,automatic,petrol,False,3,False,https://autochek.africa/ng/car/9lPAwYPV3
Autochek,Cc0ktt4nR,Honda Accord,honda,accord,2012,7500000.0,8091000.0,7.3,12,191019.0,local,,automatic,petrol,False,3,False,https://autochek.africa/ng/car/Cc0ktt4nR
Autochek,1vN1IhIeX,Honda Accord,honda,accord,2013,8000000.0,10062000.0,20.5,12,11938.0,local,,cvt,petrol,True,2.200000047683716,False,https://autochek.africa/ng/car/1vN1IhIeX
Autochek,LctoD7X_r,Honda Accord,honda,accord,2013,8500000.0,9227000.0,7.9,12,120000.0,local,Gwarimpa ,cvt,petrol,False,3,False,https://autochek.africa/ng/car/LctoD7X_r
Autochek,6rK6QBtvq,Honda Accord,honda,accord,2013,8500000.0,9051000.0,6.1,12,140130.0,local,Sabo Yaba,automatic,petrol,True,2.4000000953674316,False,https://autochek.africa/ng/car/6rK6QBtvq
Autochek,blzDO7HmL,Honda Accord,honda,accord,2013,8700000.0,7352000.0,-18.3,12,395318.0,local,Gwarimpa ,cvt,petrol,True,2.5,False,https://autochek.africa/ng/car/blzDO7HmL
Autochek,Vqlq3XA92,Honda Accord,honda,accord,2013,8800000.0,8154000.0,-7.9,12,200905.0,local,Gwarimpa ,cvt,petrol,True,2.4000000953674316,False,https://autochek.africa/ng/car/Vqlq3XA92
Autochek,u9QLm9vWB,Honda Accord,honda,accord,2013,9500000.0,7573000.0,-25.5,12,268521.0,local,Ojodu Berger,cvt,petrol,True,2.200000047683716,False,https://autochek.africa/ng/car/u9QLm9vWB
Autochek,OiXk-A4H7,Honda Accord,honda,accord,2013,9800000.0,9222000.0,-6.3,12,102209.0,local,,cvt,petrol,True,4.099999904632568,False,https://autochek.africa/ng/car/OiXk-A4H7
Autochek,sfakNGez2,Honda Accord,honda,accord,2013,11000000.0,9499000.0,-15.8,12,70000.0,local,Jahi,cvt,petrol,False,3,False,https://autochek.africa/ng/cars-for-sale/honda/accord/sfakNGez2
Autochek,aKXTg_yQ4,Honda Accord,honda,accord,2013,12000000.0,,,0,108754.0,foreign,Gwarinpa,cvt,petrol,False,3,False,https://autochek.africa/ng/car/aKXTg_yQ4
Autochek,TaGojQFMm,Honda Accord,honda,accord,2013,12000000.0,,,0,103851.0,foreign,Gwarinpa,cvt,petrol,False,3,False,https://autochek.africa/ng/car/TaGojQFMm
Autochek,vMz4vOrhS,Honda Accord,honda,accord,2013,13500000.0,9890000.0,-36.5,12,18863.0,local,,cvt,petrol,False,4.199999809265137,False,https://autochek.africa/ng/cars-for-sale/honda/accord/vMz4vOrhS
Autochek,sEPX3ts3v,Honda Accord,honda,accord,2013,14000000.0,,,0,112537.0,foreign,Katampe,cvt,petrol,False,3,False,https://autochek.africa/ng/car/sEPX3ts3v
Autochek,aZyvsp1pb,Honda Accord,honda,accord,2013,15000000.0,,,0,7000.0,foreign,Gwarinpa,automatic,petrol,False,3,False,https://autochek.africa/ng/car/aZyvsp1pb
Autochek,2TmNey_gh,Honda Accord,honda,accord,2014,12750000.0,7778000.0,-63.9,10,999999.0,local,Sabo Yaba,cvt,petrol,True,2.299999952316284,False,https://autochek.africa/ng/car/2TmNey_gh
Autochek,hoCr2YcpK,Honda Accord,honda,accord,2014,19000000.0,10907000.0,-74.2,5,231258.0,foreign,abuja,cvt,petrol,True,2.299999952316284,False,https://autochek.africa/ng/car/hoCr2YcpK
Autochek,PunMqBKYP,Honda Accord,honda,accord,2015,12000000.0,,,0,184444.0,local,Gwarinpa,cvt,petrol,False,3,False,https://autochek.africa/ng/car/PunMqBKYP
Autochek,HRDfr2Ate,Honda Accord,honda,accord,2015,12500000.0,18884000.0,33.8,7,75000.0,foreign,Gwarinpa,cvt,petrol,False,3,False,https://autochek.africa/ng/car/HRDfr2Ate
Autochek,ILfOLkDe0,Honda Accord,honda,accord,2016,14000000.0,14918000.0,6.2,8,124091.0,foreign,Kaduna North,cvt,petrol,False,3,False,https://autochek.africa/ng/car/ILfOLkDe0
Autochek,rfEADEfCi,Honda Accord,honda,accord,2016,14000000.0,15740000.0,11.1,8,90000.0,foreign,Gwarimpa ,cvt,petrol,False,3,False,https://autochek.africa/ng/car/rfEADEfCi
Autochek,2zpAx8vjt,Honda Accord,honda,accord,2016,16500000.0,13095000.0,-26.0,8,167000.0,foreign,Gwarinpa,cvt,petrol,False,3,False,https://autochek.africa/ng/car/2zpAx8vjt
Autochek,tNHBKud4Z,Honda Accord,honda,accord,2016,18000000.0,13643000.0,-31.9,8,127865.0,foreign,Gwarinpa,automatic,petrol,False,3,False,https://autochek.africa/ng/car/tNHBKud4Z
Autochek,6fBDxVdN9,Honda Accord,honda,accord,2016,19500000.0,13723000.0,-42.1,8,122113.0,foreign,Katampe,cvt,petrol,False,3,False,https://autochek.africa/ng/car/6fBDxVdN9
Autochek,P_v5bwo8a,Honda Accord,honda,accord,2016,19500000.0,14277000.0,-36.6,8,102342.0,foreign,Katampe,automatic,petrol,False,3,False,https://autochek.africa/ng/car/P_v5bwo8a
Autochek,MIRcn6yPr,Honda Accord,honda,accord,2017,13000000.0,18516000.0,29.8,10,93438.0,foreign,abuja,automatic,petrol,False,3,False,https://autochek.africa/ng/cars-for-sale/honda/accord/MIRcn6yPr
Carlots,i13836,Used 2017 Honda Accord,honda,accord,2017,13500000.0,18000000.0,25.0,10,,,,,,False,,False,https://carlots.ng/used-2017-honda-accord_i13836.html
Autochek,nq0dwK--e,Honda Accord,honda,accord,2018,18000000.0,20500000.0,12.2,5,106543.0,foreign,Abuja ,automatic,petrol,False,3,False,https://autochek.africa/ng/car/nq0dwK--e
Autochek,Qk-pymClq,Honda Accord,honda,accord,2018,20500000.0,18000000.0,-13.9,5,138193.0,foreign,,cvt,petrol,False,3,False,https://autochek.africa/ng/car/Qk-pymClq
Autochek,CfW8AXsgK,Honda Accord,honda,accord,2018,24000000.0,18000000.0,-33.3,5,96574.0,foreign,,cvt,petrol,False,3,False,https://autochek.africa/ng/car/CfW8AXsgK
Autochek,wx8KZvwpf,Honda Accord,honda,accord,2019,21000000.0,,,0,143641.0,foreign,Gwarinpa,cvt,petrol,False,3,False,https://autochek.africa/ng/car/wx8KZvwpf
Autochek,HY_o-2Jjg,Honda Accord,honda,accord,2020,23000000.0,,,0,121235.0,foreign,Gwarinpa,automatic,petrol,False,3,False,https://autochek.africa/ng/car/HY_o-2Jjg
Autochek,ir-dgC4Et,Honda Accord,honda,accord,2022,32500000.0,,,0,27000.0,foreign,,cvt,petrol,False,3,False,https://autochek.africa/ng/car/ir-dgC4Et
Autochek,n3T4L7z9q,Honda Civic,honda,civic,2006,3500000.0,,,0,16000.0,local,ikeja,automatic,petrol,False,3,False,https://autochek.africa/ng/cars-for-sale/civic/honda/n3T4L7z9q
Autochek,G8a7OkZ3Y,Honda Civic,honda,civic,2013,8200000.0,,,0,205020.0,local,,automatic,petrol,True,3.700000047683716,False,https://autochek.africa/ng/car/G8a7OkZ3Y
Autochek,Zl1Bqc5Qi,Honda Civic,honda,civic,2014,13500000.0,,,0,54000.0,foreign,Gwarinpa,cvt,petrol,False,3,False,https://autochek.africa/ng/car/Zl1Bqc5Qi
Autochek,zczBS4FKw,Honda Civic,honda,civic,2015,15000000.0,,,0,150205.0,foreign,Gwarinpa,cvt,petrol,False,3,False,https://autochek.africa/ng/car/zczBS4FKw
Autochek,sFQwGjsYI,Honda Civic,honda,civic,2016,15000000.0,16022000.0,6.4,5,99866.0,foreign,Gwarinpa,cvt,petrol,False,3,False,https://autochek.africa/ng/car/sFQwGjsYI
Autochek,cpt4lUvVE,Honda Civic,honda,civic,2016,17000000.0,14429000.0,-17.8,5,188257.0,foreign,Lagos ,cvt,petrol,True,3.700000047683716,False,https://autochek.africa/ng/car/cpt4lUvVE
Autochek,qWYAvSkyQ,Honda Civic,honda,civic,2016,17500000.0,16725000.0,-4.6,5,53000.0,foreign,Gwarinpa,cvt,petrol,False,3,False,https://autochek.africa/ng/car/qWYAvSkyQ
Autochek,SHuBwviVE,Honda Civic,honda,civic,2017,13500000.0,,,0,198000.0,foreign,Lagos,cvt,petrol,False,3,False,https://autochek.africa/ng/car/SHuBwviVE
Autochek,puP8uHKwA,Honda Civic,honda,civic,2017,14000000.0,,,0,168013.0,foreign,Gwarinpa,cvt,petrol,False,3,False,https://autochek.africa/ng/car/puP8uHKwA
Autochek,NCT1AQ8fB,Honda Civic,honda,civic,2022,32000000.0,,,0,126755.0,foreign,abuja,cvt,petrol,False,3,False,https://autochek.africa/ng/car/NCT1AQ8fB
Autochek,UKLfAC3ND,Honda CR-V,honda,cr-v,2008,9500000.0,,,0,240041.0,foreign,Ejigbo,automatic,petrol,False,3.9000000953674316,False,https://autochek.africa/ng/cars-for-sale/honda/cr-v/UKLfAC3ND
Autochek,kZLkY0Jxh,Honda CR-V,honda,cr-v,2012,14300000.0,,,0,261828.0,foreign,Idimu,duplex,petrol,True,3.4000000953674316,False,https://autochek.africa/ng/car/kZLkY0Jxh
Autochek,DvfSIhBd_,Honda CR-V,honda,cr-v,2013,13300000.0,,,0,147372.0,foreign,Ijegun Ikotun,automatic,petrol,False,3,False,https://autochek.africa/ng/car/DvfSIhBd_
Autochek,cqpq7oLHp,Honda CR-V,honda,cr-v,2014,14500000.0,,,0,,foreign,Abuja ,automatic,petrol,False,3,False,https://autochek.africa/ng/car/cqpq7oLHp
Autochek,z8aCi0CmN,Honda CR-V,honda,cr-v,2018,15000000.0,,,0,78965.0,foreign,,cvt,petrol,False,3,False,https://autochek.africa/ng/car/z8aCi0CmN
Autochek,_xXiZ99-b,Honda CR-V,honda,cr-v,2018,22500000.0,,,0,67000.0,foreign,Gwarinpa,automatic,petrol,False,3,False,https://autochek.africa/ng/car/_xXiZ99-b
Autochek,XNnawFmld,Honda CR-V,honda,cr-v,2018,26000000.0,,,0,88670.0,foreign,,cvt,petrol,False,3,False,https://autochek.africa/ng/car/XNnawFmld
Autochek,l8hDn-67B,Honda CR-V,honda,cr-v,2018,28000000.0,,,0,65000.0,foreign,Kubuwa Expressway,cvt,petrol,False,3,False,https://autochek.africa/ng/car/l8hDn-67B
Autochek,ZCXrbQCRg,Honda Cr-v,honda,cr-v,2025,57000000.0,,,0,106543.0,foreign,Gwarimpa ,automatic,petrol,False,3,False,https://autochek.africa/ng/cars-for-sale/honda/cr-v/ZCXrbQCRg
Autochek,oKj5WhVCo,Honda CR-V,honda,cr-v,2025,65000000.0,,,0,23352.0,foreign,Garki 2,cvt,petrol,False,3,False,https://autochek.africa/ng/car/oKj5WhVCo
Autochek,9UYgpt653,Honda Crosstour,honda,crosstour,2013,11500000.0,,,0,177000.0,foreign,Ijegun Ikotun,automatic,petrol,False,3,False,https://autochek.africa/ng/car/9UYgpt653
Autochek,eqLLtFAda,Honda HR-V,honda,hr-v,2016,21000000.0,,,0,90000.0,foreign,Lagos,automatic,petrol,False,3,False,https://autochek.africa/ng/car/eqLLtFAda
Autochek,JTsBkCaot,Honda HR-V,honda,hr-v,2016,23000000.0,,,0,75000.0,foreign,Abuja ,cvt,petrol,False,3,False,https://autochek.africa/ng/car/JTsBkCaot
Autochek,7raFsWCeT,Honda Odyssey,honda,odyssey,2013,12500000.0,,,0,,foreign,Egbeda,automatic,petrol,False,3,False,https://autochek.africa/ng/car/7raFsWCeT
Autochek,ruxZPqSh3,Honda Pilot,honda,pilot,2012,9500000.0,,,0,268599.0,foreign,,automatic,petrol,False,3,False,https://autochek.africa/ng/car/ruxZPqSh3
Autochek,YMsHdv6mM,Honda Pilot,honda,pilot,2012,12500000.0,,,0,,local,Abule egba ,automatic,petrol,False,3,False,https://autochek.africa/ng/cars-for-sale/pilot/honda/YMsHdv6mM
Autochek,WfGzQEAqa,Honda Pilot,honda,pilot,2013,16000000.0,,,0,322992.0,foreign,Agege,automatic,petrol,True,3.9000000953674316,False,https://autochek.africa/ng/car/WfGzQEAqa
Autochek,zq1lR3ofk,Honda Pilot,honda,pilot,2015,16000000.0,,,0,122884.0,foreign,Agege,automatic,petrol,True,4,False,https://autochek.africa/ng/car/zq1lR3ofk
Autochek,axiLNd7ql,Honda Pilot,honda,pilot,2016,20000000.0,,,0,35816.0,foreign,,automatic,petrol,False,3,False,https://autochek.africa/ng/car/axiLNd7ql
Autochek,VeUs7_WOY,Honda Pilot,honda,pilot,2016,27000000.0,,,0,98178.0,foreign,,automatic,petrol,False,3,False,https://autochek.africa/ng/car/VeUs7_WOY
Autochek,33e5fDDux,Honda Pilot,honda,pilot,2017,24500000.0,,,0,69000.0,foreign,Agege,automatic,petrol,False,3,False,https://autochek.africa/ng/car/33e5fDDux
Autochek,Mp6lyKAD2,Honda Ridgeline,honda,ridgeline,2014,14000000.0,,,0,87695.0,foreign,,automatic,petrol,False,3,False,https://autochek.africa/ng/car/Mp6lyKAD2
Autochek,7xGty7SkS,Hyundai Accent RB,hyundai,accent,2013,8800000.0,,,0,13575.0,local,Lagos ,automatic,petrol,False,3,False,https://autochek.africa/ng/car/7xGty7SkS
Autochek,UlzCWaIrQ,Hyundai Accent,hyundai,accent,2013,11000000.0,,,0,162864.0,foreign,Gwarinpa,automatic,petrol,False,3,False,https://autochek.africa/ng/car/UlzCWaIrQ
Autochek,GvsKvNm-a,Hyundai Accent,hyundai,accent,2014,13500000.0,,,0,82113.0,foreign,Gwarinpa,automatic,petrol,False,3,False,https://autochek.africa/ng/car/GvsKvNm-a
Autochek,xGxGicYgK,Hyundai Accent,hyundai,accent,2016,16000000.0,,,0,80000.0,foreign,Gwarinpa,automatic,petrol,False,3,False,https://autochek.africa/ng/car/xGxGicYgK
Autochek,j10ioAjns,Hyundai Azera,hyundai,azera,2012,12000000.0,,,0,119977.0,foreign,,automatic,petrol,False,3,False,https://autochek.africa/ng/car/j10ioAjns
Autochek,taHBL9FCW,Hyundai Creta,hyundai,creta,2016,8000000.0,,,0,88084.0,local,,automatic,petrol,True,2.5,False,https://autochek.africa/ng/car/taHBL9FCW
Autochek,yOr-yTLJX,Hyundai Elantra,hyundai,elantra,2009,3000000.0,,,0,50000.0,local,,automatic,petrol,False,3,False,https://autochek.africa/ng/car/yOr-yTLJX
Autochek,niEhDLR3V,Hyundai Elantra,hyundai,elantra,2013,6000000.0,10492000.0,42.8,7,150000.0,foreign,Ogun,automatic,petrol,True,2.4000000953674316,False,https://autochek.africa/ng/car/niEhDLR3V
Autochek,qSQFqZHv6,Hyundai Elantra,hyundai,elantra,2013,8400000.0,9350000.0,10.2,7,439306.0,foreign,Apo Resetlement,automatic,petrol,True,3.799999952316284,False,https://autochek.africa/ng/car/qSQFqZHv6
Autochek,OMlO7_x0n,Hyundai Elantra,hyundai,elantra,2013,9000000.0,10536000.0,14.6,7,146000.0,foreign,Ikoyi,automatic,petrol,False,3,False,https://autochek.africa/ng/car/OMlO7_x0n
Autochek,njxuRA4I2,Hyundai Elantra,hyundai,elantra,2013,10000000.0,,,0,255047.0,local,Lagos ,automatic,petrol,True,3.299999952316284,False,https://autochek.africa/ng/car/njxuRA4I2
Autochek,CwKoHryd0,Hyundai Elantra,hyundai,elantra,2013,11300000.0,10500000.0,-7.6,7,,foreign,Lagos ,automatic,petrol,False,3,False,https://autochek.africa/ng/car/CwKoHryd0
Autochek,kbBMrsIrP,Hyundai Elantra,hyundai,elantra,2013,12500000.0,11151000.0,-12.1,7,64912.0,foreign,Katempe ,automatic,petrol,False,3,False,https://autochek.africa/ng/car/kbBMrsIrP
Autochek,rvCFVxd9J,Hyundai Elantra,hyundai,elantra,2014,6300000.0,,,0,7200.0,local,,automatic,petrol,False,3,False,https://autochek.africa/ng/car/rvCFVxd9J
Autochek,arTeDyLkD,Hyundai Elantra,hyundai,elantra,2014,6500000.0,,,0,99436.0,local,Iyana Oworo,automatic,petrol,True,2.4000000953674316,False,https://autochek.africa/ng/car/arTeDyLkD
Autochek,jpzrom1vS,Hyundai Elantra GT,hyundai,elantra,2014,10500000.0,11689000.0,10.2,10,82522.0,foreign,Festac Town,automatic,petrol,False,3,False,https://autochek.africa/ng/car/jpzrom1vS
Autochek,M3_SuRXNEv,Hyundai Elantra,hyundai,elantra,2014,11000000.0,11493000.0,4.3,10,99754.0,foreign,Gwarinpa,automatic,petrol,False,3,False,https://autochek.africa/ng/car/M3_SuRXNEv
Autochek,gK1jNzyXs,Hyundai Elantra,hyundai,elantra,2014,11500000.0,11059000.0,-4.0,10,107876.0,foreign,Gwarinpa,automatic,petrol,False,3,False,https://autochek.africa/ng/car/gK1jNzyXs
Autochek,7_9kZPOVf,Hyundai Elantra,hyundai,elantra,2015,12000000.0,10009000.0,-19.9,6,244727.0,foreign,Gwarimpa ,automatic,petrol,True,3.5,False,https://autochek.africa/ng/car/7_9kZPOVf
Autochek,Fw1YUOfmI,Hyundai Elantra,hyundai,elantra,2015,12000000.0,11975000.0,-0.2,6,84192.0,foreign,Festac Town,automatic,petrol,False,3,False,https://autochek.africa/ng/car/Fw1YUOfmI
Autochek,RisGoBROW,Hyundai Elantra,hyundai,elantra,2015,12800000.0,11867000.0,-7.9,6,93438.0,foreign,Gwarimpa ,automatic,petrol,False,3,False,https://autochek.africa/ng/car/RisGoBROW
Autochek,bU3GB3PBa,Hyundai Elantra,hyundai,elantra,2016,12000000.0,13099000.0,8.4,7,107000.0,foreign,Ijegun Ikotun,automatic,petrol,False,3,False,https://autochek.africa/ng/car/bU3GB3PBa
Autochek,w49A64QTEh,"Hyundai ELANTRA 1,6L BVA GLS New",hyundai,elantra,2017,8300000.0,,,0,121358.0,local,Ojodu Berger,automatic,petrol,False,3,False,https://autochek.africa/ng/car/w49A64QTEh
Autochek,5Y9GSS_aN,Hyundai Elantra,hyundai,elantra,2017,12000000.0,13260000.0,9.5,5,130363.0,foreign,Egbeda,automatic,petrol,True,4.099999904632568,False,https://autochek.africa/ng/car/5Y9GSS_aN
Autochek,ImT8sSXU-L,Hyundai Elantra,hyundai,elantra,2017,13260000.0,12500000.0,-6.1,5,170998.0,foreign,Oshodi-Isolo,automatic,petrol,True,2.4000000953674316,False,https://autochek.africa/ng/car/ImT8sSXU-L
Autochek,SKBcSfL3v,Hyundai Elantra,hyundai,elantra,2017,13500000.0,12500000.0,-8.0,5,65743.0,foreign,Gwarimpa ,automatic,petrol,False,3,False,https://autochek.africa/ng/car/SKBcSfL3v
Autochek,W6yGQ90zV,Hyundai Elantra,hyundai,elantra,2017,15000000.0,12500000.0,-20.0,5,150205.0,foreign,Kubuwa Expressway,automatic,petrol,False,3,False,https://autochek.africa/ng/car/W6yGQ90zV
Carlots,i16425,2018 HYUNDAI ELANTRA GLS,hyundai,elantra,2018,12500000.0,13260000.0,5.7,5,,,,,,False,,False,https://carlots.ng/2018-hyundai-elantra-gls_i16425.html
Autochek,iVlPamPA5,Hyundai Santa Fe,hyundai,santa fe,2013,10000000.0,,,0,118395.0,local,Gwarimpa ,automatic,petrol,True,3.4000000953674316,False,https://autochek.africa/ng/car/iVlPamPA5
Autochek,RHvLwn2_g,Hyundai Santa Fe,hyundai,santa fe,2013,13500000.0,15000000.0,10.0,9,150000.0,foreign,Alimosho,automatic,petrol,False,3,False,https://autochek.africa/ng/car/RHvLwn2_g
Autochek,R3GJBtqz_,Hyundai Santa Fe,hyundai,santa fe,2013,13500000.0,,,0,1500.0,local,,automatic,petrol,False,3,False,https://autochek.africa/ng/car/R3GJBtqz_
Autochek,BJTkHDlBe,Hyundai Santa Fe,hyundai,santa fe,2013,15500000.0,15000000.0,-3.3,9,,foreign,Idimu,automatic,petrol,False,3,False,https://autochek.africa/ng/car/BJTkHDlBe
Autochek,xQkDgwJk7,Hyundai Santa Fe Sport,hyundai,santa fe,2013,18800000.0,15000000.0,-25.3,9,,foreign,Lagos,automatic,petrol,False,3,False,https://autochek.africa/ng/car/xQkDgwJk7
Autochek,F-376mDBl,Hyundai Santa Fe,hyundai,santa fe,2014,8500000.0,,,0,114679.0,local,abuja,automatic,petrol,True,2.299999952316284,False,https://autochek.africa/ng/car/F-376mDBl
Autochek,0RtPLo7M7,Hyundai Santa Fe Sport,hyundai,santa fe,2014,12000000.0,15500000.0,22.6,15,,foreign,Abule egba ,automatic,petrol,False,3,False,https://autochek.africa/ng/car/0RtPLo7M7
Autochek,Nr925K2cX,Hyundai Santa Fe Sport,hyundai,santa fe,2014,13500000.0,15880000.0,15.0,15,108765.0,foreign,Gwarinpa,automatic,petrol,False,3,False,https://autochek.africa/ng/car/Nr925K2cX
Autochek,nOh1_BAGA,Hyundai Santa Fe Sport,hyundai,santa fe,2014,14000000.0,17504000.0,20.0,15,4000.0,foreign,,automatic,petrol,True,4.400000095367432,False,https://autochek.africa/ng/car/nOh1_BAGA
Autochek,kRnV2XwxN,Hyundai Santa Fe Sport,hyundai,santa fe,2014,15000000.0,15500000.0,3.2,15,,foreign,Kubuwa Expressway,automatic,petrol,False,3,False,https://autochek.africa/ng/car/kRnV2XwxN
Autochek,1yAyQiW5R,Hyundai Santa Fe,hyundai,santa fe,2014,15000000.0,15500000.0,3.2,15,,foreign,Idimu,automatic,petrol,False,3,False,https://autochek.africa/ng/car/1yAyQiW5R
Autochek,77IvG5UNo,Hyundai Santa Fe,hyundai,santa fe,2014,15000000.0,13404000.0,-11.9,15,247868.0,foreign,Agege,automatic,petrol,True,2.299999952316284,False,https://autochek.africa/ng/car/77IvG5UNo
Autochek,QQVKas24n,Hyundai Santa Fe,hyundai,santa fe,2014,17000000.0,13815000.0,-23.1,15,191631.0,foreign,ketu,automatic,petrol,True,3.9000000953674316,False,https://autochek.africa/ng/car/QQVKas24n
Autochek,0g545vPy8,Hyundai Santa Fe Sport,hyundai,santa fe,2015,14000000.0,15763000.0,11.2,20,105724.0,foreign,Idimu,simulated-manual,petrol,True,4.099999904632568,False,https://autochek.africa/ng/car/0g545vPy8
Autochek,XdmIaEMnh,Hyundai Santa Fe,hyundai,santa fe,2015,16500000.0,14565000.0,-13.3,20,150000.0,foreign,Alimosho,automatic,petrol,False,3,False,https://autochek.africa/ng/car/XdmIaEMnh
Autochek,b9vb0IS8l,Hyundai Santa Fe Sport,hyundai,santa fe,2015,17000000.0,,,0,85648.0,local,Agidingbi,automatic,petrol,False,3,False,https://autochek.africa/ng/car/b9vb0IS8l
Autochek,aFHneMYAb,Hyundai Santa Fe,hyundai,santa fe,2015,17000000.0,16867000.0,-0.8,20,1200.0,foreign,,automatic,petrol,False,3,False,https://autochek.africa/ng/car/aFHneMYAb
Autochek,85oXOZETv,Hyundai Santa Fe,hyundai,santa fe,2015,18000000.0,15075000.0,-19.4,20,116544.0,foreign,Gwarinpa,automatic,petrol,False,3,False,https://autochek.africa/ng/car/85oXOZETv
Autochek,eeYrgIjR_,Hyundai Santa Fe,hyundai,santa fe,2015,18500000.0,15398000.0,-20.1,20,97517.0,foreign,Ogudu ,automatic,petrol,False,3,False,https://autochek.africa/ng/car/eeYrgIjR_
Autochek,Jahg5_gMK,Hyundai Santa Fe,hyundai,santa fe,2015,19500000.0,14290000.0,-36.5,20,168013.0,foreign,,automatic,petrol,False,3,False,https://autochek.africa/ng/car/Jahg5_gMK
Autochek,ZHa1YHwkL,Hyundai Santa Fe Sport,hyundai,santa fe,2016,12000000.0,17644000.0,32.0,22,70000.0,foreign,Surulere,automatic,petrol,False,3,False,https://autochek.africa/ng/cars-for-sale/hyundai/santa-fe/ZHa1YHwkL
Autochek,SGViRSqD8,Hyundai Santa FE,hyundai,santa fe,2016,14000000.0,15431000.0,9.3,22,197332.0,foreign,Apapa,automatic,petrol,True,3.4000000953674316,False,https://autochek.africa/ng/car/SGViRSqD8
Autochek,_jrLnwC4h,Hyundai Santa Fe,hyundai,santa fe,2016,15000000.0,17426000.0,13.9,22,82806.0,foreign,Gwarinpa,automatic,petrol,False,3,False,https://autochek.africa/ng/car/_jrLnwC4h
Autochek,P2Dm4mT8q,Hyundai Santa Fe Sport,hyundai,santa fe,2016,15500000.0,14450000.0,-7.3,22,321123.0,foreign,,automatic,petrol,False,3,False,https://autochek.africa/ng/car/P2Dm4mT8q
Autochek,WvXMhSpM9,Hyundai Santa Fe,hyundai,santa fe,2016,16000000.0,17098000.0,6.4,22,102080.0,foreign,Gwarinpa,automatic,petrol,False,3,False,https://autochek.africa/ng/car/WvXMhSpM9
Autochek,ksyOmQA0H,Hyundai Santa Fe,hyundai,santa fe,2016,16000000.0,17059000.0,6.2,22,104388.0,foreign,Gwarimpa ,simulated-manual,petrol,False,3,False,https://autochek.africa/ng/car/ksyOmQA0H
Autochek,CGzg67dF3,Hyundai Santa Fe,hyundai,santa fe,2016,16500000.0,17000000.0,2.9,22,,foreign,Abuja ,automatic,petrol,False,3,False,https://autochek.africa/ng/car/CGzg67dF3
Autochek,BujGbhSWw,Hyundai Santa Fe,hyundai,santa fe,2016,17000000.0,18350000.0,7.4,22,12345.0,foreign,,automatic,petrol,False,3,False,https://autochek.africa/ng/car/BujGbhSWw
Autochek,UJ5t7gnbd,Hyundai Santa Fe,hyundai,santa fe,2017,14000000.0,14537000.0,3.7,16,235378.0,foreign,,automatic,petrol,False,3,False,https://autochek.africa/ng/car/UJ5t7gnbd
Autochek,XdGWVMhJ9,Hyundai Santa Fe,hyundai,santa fe,2017,16000000.0,14238000.0,-12.4,16,275895.0,foreign,,automatic,petrol,False,3,False,https://autochek.africa/ng/car/XdGWVMhJ9
Autochek,_faGm0Arw,Hyundai Santa Fe,hyundai,santa fe,2017,17000000.0,16482000.0,-3.1,16,92918.0,foreign,,automatic,petrol,True,2.299999952316284,False,https://autochek.africa/ng/car/_faGm0Arw
Autochek,s4-L-8kNO,Hyundai Santa Fe,hyundai,santa fe,2017,17500000.0,16980000.0,-3.1,16,62274.0,foreign,,automatic,petrol,False,3,False,https://autochek.africa/ng/car/s4-L-8kNO
Autochek,g-J_ZnPQo,Hyundai Santa Fe,hyundai,santa fe,2017,18000000.0,15348000.0,-17.3,16,158748.0,foreign,IKEJA,automatic,petrol,True,4,False,https://autochek.africa/ng/car/g-J_ZnPQo
Autochek,dBaYcshd0,Hyundai Santa Fe,hyundai,santa fe,2017,18000000.0,16140000.0,-11.5,16,110011.0,foreign,Agege,automatic,petrol,False,3,False,https://autochek.africa/ng/car/dBaYcshd0
Autochek,qd0npLfvd,Hyundai Santa Fe,hyundai,santa fe,2017,18000000.0,15352000.0,-17.2,16,158481.0,foreign,ikeja,automatic,petrol,False,3,False,https://autochek.africa/ng/car/qd0npLfvd
Autochek,52y5idpkr,Hyundai Santa Fe,hyundai,santa fe,2017,18800000.0,16250000.0,-15.7,16,,foreign,Lagos,automatic,petrol,False,3,False,https://autochek.africa/ng/car/52y5idpkr
Autochek,a92_aIoRd,Hyundai Santa Fe,hyundai,santa fe,2017,19000000.0,16745000.0,-13.5,16,76740.0,foreign,Lagos,automatic,petrol,False,3,False,https://autochek.africa/ng/car/a92_aIoRd
Autochek,C_ueePD9S,Hyundai Santa Fe,hyundai,santa fe,2019,30000000.0,,,0,16000.0,foreign,ikeja,automatic,petrol,False,3,False,https://autochek.africa/ng/car/C_ueePD9S
Autochek,JNyLNZ2Ih,Hyundai Sonata,hyundai,sonata,2011,6120000.0,,,0,50000.0,local,Lekki,automatic,petrol,False,3,False,https://autochek.africa/ng/car/JNyLNZ2Ih
Autochek,DpZMaZ2ZO,Hyundai Sonata,hyundai,sonata,2011,6800000.0,,,0,1234.0,local,,automatic,petrol,False,3,False,https://autochek.africa/ng/car/DpZMaZ2ZO
Autochek,XQ97pBovg,Hyundai Sonata,hyundai,sonata,2011,8000000.0,,,0,112299.0,local,Lagos,automatic,petrol,False,3,False,https://autochek.africa/ng/car/XQ97pBovg
Autochek,S10lUdJF7,Hyundai Sonata,hyundai,sonata,2011,8200000.0,,,0,166110.0,foreign,Lagos,automatic,petrol,True,3.0999999046325684,False,https://autochek.africa/ng/car/S10lUdJF7
Autochek,Y6zOhQ1hW,Hyundai Sonata,hyundai,sonata,2011,8500000.0,,,0,236132.0,local,,automatic,petrol,True,2.299999952316284,False,https://autochek.africa/ng/car/Y6zOhQ1hW
Autochek,jGEQm9b-F,Hyundai Sonata,hyundai,sonata,2011,8500000.0,,,0,198030.0,foreign,,automatic,petrol,True,3.4000000953674316,False,https://autochek.africa/ng/car/jGEQm9b-F
Autochek,oWRmgFvlM,Hyundai Sonata,hyundai,sonata,2011,9500000.0,,,0,7200.0,foreign,,automatic,petrol,False,3,False,https://autochek.africa/ng/car/oWRmgFvlM
Autochek,qRjuE2-X0,Hyundai Sonata,hyundai,sonata,2012,7500000.0,8874000.0,15.5,7,3000.0,local,,automatic,petrol,False,3,False,https://autochek.africa/ng/car/qRjuE2-X0
Autochek,D7af9HMAT,Hyundai Sonata,hyundai,sonata,2012,8500000.0,9206000.0,7.7,9,127000.0,foreign,,automatic,petrol,False,3,False,https://autochek.africa/ng/car/D7af9HMAT
Autochek,csXCoLXvN,Hyundai Sonata,hyundai,sonata,2012,11500000.0,8561000.0,-34.3,9,123215.0,foreign,Gwarinpa,automatic,petrol,False,3,False,https://autochek.africa/ng/car/csXCoLXvN
Autochek,8C57k3WBD,Hyundai Sonata,hyundai,sonata,2013,5600000.0,8595000.0,34.8,5,7200.0,local,,automatic,petrol,False,3,False,https://autochek.africa/ng/car/8C57k3WBD
Autochek,jSDXC8bV-,Hyundai Sonata,hyundai,sonata,2013,8000000.0,6889000.0,-16.1,5,112299.0,local,Lagos ,automatic,petrol,False,3,False,https://autochek.africa/ng/car/jSDXC8bV-
Autochek,WHXKII6zV,Hyundai Sonata,hyundai,sonata,2013,8500000.0,9862000.0,13.8,8,87659.0,foreign,,automatic,petrol,False,3,False,https://autochek.africa/ng/car/WHXKII6zV
Autochek,qd-SZYhxz,Hyundai Sonata,hyundai,sonata,2013,8500000.0,6395000.0,-32.9,5,178145.0,local,,automatic,petrol,True,3,False,https://autochek.africa/ng/car/qd-SZYhxz
Autochek,8JCQrKZb4,Hyundai Sonata,hyundai,sonata,2013,8800000.0,9829000.0,10.5,8,75000.0,foreign,Lagos,automatic,petrol,False,3,False,https://autochek.africa/ng/car/8JCQrKZb4
Autochek,5IdgXsWNX,Hyundai Sonata,hyundai,sonata,2013,10500000.0,8732000.0,-20.3,8,96000.0,foreign,Mushin,automatic,petrol,False,3,False,https://autochek.africa/ng/car/5IdgXsWNX
Autochek,AEJjp79yG,Hyundai Sonata,hyundai,sonata,2013,11000000.0,9166000.0,-20.0,8,50000.0,foreign,Surulere,automatic,petrol,False,3,False,"https://autochek.africa/ng/cars-for-sale/hyundai/sonata-2,0l-bva-gl/AEJjp79yG"
Autochek,lVrU0h9Cw,Hyundai Sonata,hyundai,sonata,2013,12000000.0,8147000.0,-47.3,8,150000.0,foreign,Ikorodu Road,automatic,petrol,False,3,False,https://autochek.africa/ng/car/lVrU0h9Cw
Autochek,qMSY1-5dB,Hyundai Sonata,hyundai,sonata,2014,6300000.0,8658000.0,27.2,6,30826.0,local,Ikorodu Road,automatic,petrol,True,2.0999999046325684,False,https://autochek.africa/ng/car/qMSY1-5dB
Autochek,-6E__gm7w,Hyundai Sonata,hyundai,sonata,2014,8000000.0,8030000.0,0.4,6,81570.0,local,Ogba,automatic,petrol,True,3.5,False,https://autochek.africa/ng/car/-6E__gm7w
Autochek,a6AlcrUxk,Hyundai Sonata,hyundai,sonata,2014,8500000.0,13170000.0,35.5,18,7200.0,foreign,,automatic,petrol,False,3,False,https://autochek.africa/ng/cars-for-sale/hyundai/sonata/a6AlcrUxk
Autochek,ripgLWn2F,Hyundai Sonata,hyundai,sonata,2014,8500000.0,11263000.0,24.5,18,161163.0,foreign,,automatic,petrol,True,3.4000000953674316,False,https://autochek.africa/ng/car/ripgLWn2F
Autochek,BIqMzXnyT,Hyundai Sonata,hyundai,sonata,2015,10000000.0,15116000.0,33.8,17,13257.0,foreign,Lekki Phase 1,automatic,petrol,False,3,False,https://autochek.africa/ng/car/BIqMzXnyT
Autochek,Jnh9ZIqPB,Hyundai Sonata,hyundai,sonata,2015,10800000.0,,,0,13575.0,local,,automatic,petrol,False,3,False,https://autochek.africa/ng/car/Jnh9ZIqPB
Autochek,YvrZ0ogvI,Hyundai Sonata,hyundai,sonata,2015,12000000.0,13616000.0,11.9,17,113221.0,foreign,Gwarinpa,automatic,petrol,False,3,False,https://autochek.africa/ng/car/YvrZ0ogvI
Autochek,fwfOQFZKg,Hyundai Sonata,hyundai,sonata,2015,12000000.0,14140000.0,15.1,17,82979.0,foreign,abuja,automatic,petrol,True,2.299999952316284,False,https://autochek.africa/ng/car/fwfOQFZKg
Autochek,rxmJf12fX,Hyundai Sonata,hyundai,sonata,2015,12400000.0,14241000.0,12.9,17,75802.0,foreign,Abuja ,automatic,petrol,True,2.5999999046325684,False,https://autochek.africa/ng/car/rxmJf12fX
Autochek,eBMbL5rbg,Hyundai Sonata,hyundai,sonata,2015,14000000.0,13777000.0,-1.6,17,101751.0,foreign,,automatic,petrol,False,3,False,https://autochek.africa/ng/car/eBMbL5rbg
Autochek,k-pK6PelF,Hyundai Sonata,hyundai,sonata,2015,14000000.0,13899000.0,-0.7,17,93000.0,foreign,Ikorodu Road,automatic,petrol,False,3,False,https://autochek.africa/ng/car/k-pK6PelF
Autochek,EBH6_HaAP,Hyundai Sonata,hyundai,sonata,2015,14500000.0,13241000.0,-9.5,17,140000.0,foreign,Ikosi Ketu,automatic,petrol,False,3,False,https://autochek.africa/ng/car/EBH6_HaAP
Autochek,fLPLnOqju,Hyundai Sonata,hyundai,sonata,2015,14500000.0,13515000.0,-7.3,17,120442.0,foreign,,automatic,petrol,False,3,False,https://autochek.africa/ng/car/fLPLnOqju
Autochek,F2S5tLQ-y,Hyundai Sonata,hyundai,sonata,2015,14500000.0,14171000.0,-2.3,17,80780.0,foreign,Festac Town,automatic,petrol,False,3,False,https://autochek.africa/ng/car/F2S5tLQ-y
Autochek,FJInhxD_B,Hyundai Sonata,hyundai,sonata,2015,15000000.0,15201000.0,1.3,17,7200.0,foreign,,automatic,petrol,False,3,False,https://autochek.africa/ng/car/FJInhxD_B
Autochek,qx1TfILnS,Hyundai Sonata,hyundai,sonata,2015,15000000.0,14101000.0,-6.4,17,85813.0,foreign,,automatic,petrol,True,4.400000095367432,False,https://autochek.africa/ng/car/qx1TfILnS
Autochek,6Tr314rkE,Hyundai Sonata,hyundai,sonata,2015,15400000.0,,,0,79000.0,local,,automatic,petrol,False,3,False,https://autochek.africa/ng/car/6Tr314rkE
Autochek,G-ewPRh7l,Hyundai Sonata,hyundai,sonata,2015,16000000.0,14154000.0,-13.0,17,82000.0,foreign,Ojodu Berger,automatic,petrol,False,3,False,https://autochek.africa/ng/car/G-ewPRh7l
Autochek,QpTfZumEd,Hyundai Sonata,hyundai,sonata,2016,13770000.0,14323000.0,3.9,18,105233.0,foreign,Ojota,automatic,petrol,True,4.099999904632568,False,https://autochek.africa/ng/car/QpTfZumEd
Autochek,7bYtYiXfW,Hyundai Sonata,hyundai,sonata,2016,14000000.0,15747000.0,11.1,18,10000.0,foreign,,automatic,petrol,False,3,False,https://autochek.africa/ng/cars-for-sale/sonata/hyundai/7bYtYiXfW
Autochek,Iw1yCIVCM,Hyundai Sonata,hyundai,sonata,2016,14500000.0,13691000.0,-5.9,18,132221.0,foreign,Gwarinpa,automatic,petrol,False,3,False,https://autochek.africa/ng/car/Iw1yCIVCM
Autochek,Tlkb_LfGW,Hyundai Sonata,hyundai,sonata,2016,15000000.0,12754000.0,-17.6,18,198000.0,foreign,Lagos,automatic,petrol,False,3,False,https://autochek.africa/ng/car/Tlkb_LfGW
Autochek,bIY2JD9GP,Hyundai Sonata,hyundai,sonata,2017,11000000.0,14522000.0,24.3,11,126207.0,foreign,Akute,automatic,petrol,True,3.799999952316284,False,https://autochek.africa/ng/car/bIY2JD9GP
Autochek,sJInOrM2H,Hyundai Sonata,hyundai,sonata,2017,15000000.0,14975000.0,-0.2,11,96000.0,foreign,Somolu,automatic,petrol,False,3,False,https://autochek.africa/ng/car/sJInOrM2H
Autochek,qhhfYS8o9,Hyundai Sonata,hyundai,sonata,2017,16000000.0,15000000.0,-6.7,11,,foreign,abuja,automatic,petrol,False,3,False,https://autochek.africa/ng/car/qhhfYS8o9
Autochek,ouLEm7UyI,Hyundai Sonata,hyundai,sonata,2018,14500000.0,15365000.0,5.6,7,92710.0,foreign,,automatic,petrol,True,4.099999904632568,False,https://autochek.africa/ng/car/ouLEm7UyI
Autochek,mm9AJsM9Q,Hyundai Sonata,hyundai,sonata,2018,16000000.0,17423000.0,8.2,7,5400.0,foreign,Abuja ,automatic,petrol,False,3,False,https://autochek.africa/ng/car/mm9AJsM9Q
Autochek,oq_tllQX8,Hyundai Sonata,hyundai,sonata,2018,17000000.0,17350000.0,2.0,7,10000.0,foreign,,automatic,petrol,False,3,False,https://autochek.africa/ng/cars-for-sale/sonata/hyundai/oq_tllQX8
Autochek,cih5CcYpq,Hyundai Sonata,hyundai,sonata,2018,18000000.0,15286000.0,-17.8,7,96000.0,foreign,,automatic,petrol,False,3,False,https://autochek.africa/ng/car/cih5CcYpq
Autochek,oPeoSOyBt,Hyundai Sonata,hyundai,sonata,2018,20000000.0,17394000.0,-15.0,7,7209.0,foreign,,automatic,petrol,False,3,False,https://autochek.africa/ng/car/oPeoSOyBt
Autochek,w8lE6aIX-,Hyundai Sonata,hyundai,sonata,2020,20000000.0,,,0,210000.0,foreign,Katampe Road,automatic,petrol,False,3,False,https://autochek.africa/ng/car/w8lE6aIX-
Autochek,Z34vkbkpU,Hyundai Sonata,hyundai,sonata,2021,25000000.0,,,0,6285.0,local,Ajah/Sangotedo,automatic,petrol,False,3,False,https://autochek.africa/ng/car/Z34vkbkpU
Autochek,C4Yq_PZnW,Hyundai Tucson,hyundai,tucson,2010,8300000.0,,,0,141970.0,local,Ojodu,automatic,petrol,True,2.4000000953674316,False,https://autochek.africa/ng/car/C4Yq_PZnW
Autochek,jWrdsKQmb,Hyundai Tucson,hyundai,tucson,2016,18800000.0,,,0,150009.0,foreign,Ikeja,automatic,petrol,False,3,False,https://autochek.africa/ng/car/jWrdsKQmb
Autochek,ZaqPgx3qP,Hyundai Tucson,hyundai,tucson,2016,20500000.0,,,0,13524.0,foreign,,automatic,petrol,False,3,False,https://autochek.africa/ng/car/ZaqPgx3qP
Autochek,O2GHngvYs,Hyundai Tucson,hyundai,tucson,2017,21000000.0,,,0,53000.0,foreign,Gwarinpa,automatic,petrol,False,3,False,https://autochek.africa/ng/car/O2GHngvYs
Autochek,dq1705h5C,Hyundai Tucson,hyundai,tucson,2017,21000000.0,,,0,14524.0,foreign,,automatic,petrol,False,3,False,https://autochek.africa/ng/car/dq1705h5C
Autochek,oX69EMyeH,Hyundai Tucson,hyundai,tucson,2019,16000000.0,,,0,124624.0,foreign,Ago,automatic,petrol,False,3,False,https://autochek.africa/ng/car/oX69EMyeH
Autochek,XruVbXm9b,Hyundai Tucson,hyundai,tucson,2019,21000000.0,,,0,76851.0,foreign,,automatic,petrol,False,3,False,https://autochek.africa/ng/car/XruVbXm9b
Autochek,yhttB6EY2,Hyundai Tucson,hyundai,tucson,2019,22000000.0,,,0,78613.0,local,Berger Market,automatic,petrol,True,4.300000190734863,False,https://autochek.africa/ng/car/yhttB6EY2
Autochek,_noUA8oE0,Hyundai Tucson,hyundai,tucson,2020,17300000.0,,,0,53139.0,local,Agege,automatic,petrol,True,3.700000047683716,False,https://autochek.africa/ng/car/_noUA8oE0
Autochek,mbTT8MJPQ,Hyundai Tucson,hyundai,tucson,2025,68500000.0,,,0,20560.0,foreign,Garki 2,automatic,petrol,False,3,False,https://autochek.africa/ng/car/mbTT8MJPQ
Autochek,eo9P13TYZ,Hyundai Veloster,hyundai,veloster,2012,11500000.0,,,0,127895.0,foreign,Ikeja,automatic,petrol,False,3,False,https://autochek.africa/ng/car/eo9P13TYZ
Autochek,kxMdrhVRfL,Hyundai Veracruz,hyundai,veracruz,2010,6800000.0,,,0,122000.0,local,Kubwa,automatic,petrol,False,3,False,https://autochek.africa/ng/car/kxMdrhVRfL
Autochek,a9glyEuB-,Infiniti QX60,infiniti,qx60,2015,20000000.0,,,0,83165.0,foreign,Ikeja,automatic,petrol,False,3,False,https://autochek.africa/ng/car/a9glyEuB-
Autochek,mlnDHtqYy,JEEP Renegade,jeep,renegade,2016,21000000.0,,,0,,foreign,Kubwa Express,automatic,petrol,False,3,False,https://autochek.africa/ng/car/mlnDHtqYy
Autochek,iGmEV-lHX,JEEP Wrangler,jeep,wrangler,2019,43000000.0,,,0,86543.0,foreign,,automatic,petrol,False,3,False,https://autochek.africa/ng/car/iGmEV-lHX
Autochek,Gmz4TxgU5,JETOUR Dashing,jetour,dashing,2023,35000000.0,,,0,59535.0,foreign,,automatic,petrol,True,4.199999809265137,False,https://autochek.africa/ng/car/Gmz4TxgU5
Autochek,GYnFfmkou,JETOUR Dashing,jetour,dashing,2026,45000000.0,,,0,2580.0,new,Garki 2,automatic,petrol,False,4.5,False,https://autochek.africa/ng/car/GYnFfmkou
Autochek,n0_dkICcu,JETOUR X70 Plus,jetour,x70,2019,25000000.0,,,0,86228.0,foreign,Gwarinpa,automatic,petrol,False,3,False,https://autochek.africa/ng/car/n0_dkICcu
Autochek,j7xYi_Gh0,KIA Cerato,kia,cerato,2013,7000000.0,,,0,101525.0,local,Arepo,automatic,petrol,True,2.5,False,https://autochek.africa/ng/car/j7xYi_Gh0
Autochek,ID7SqK8ZU,KIA Forte,kia,forte,2018,15000000.0,,,0,78654.0,foreign,Abuja ,automatic,petrol,False,3,False,https://autochek.africa/ng/car/ID7SqK8ZU
Autochek,6d9nIB-cd,KIA Optima,kia,optima,2015,12500000.0,,,0,127902.0,foreign,Ikeja,automatic,petrol,False,3,False,https://autochek.africa/ng/car/6d9nIB-cd
Autochek,w-wVDVKMD,KIA Optima,kia,optima,2015,13500000.0,,,0,166488.0,foreign,Garki 2,automatic,petrol,False,3,False,https://autochek.africa/ng/car/w-wVDVKMD
Autochek,_Z2r97Onf,KIA Rio,kia,rio,2010,5700000.0,,,0,198000.0,local,Abule Egba,automatic,petrol,False,3,False,https://autochek.africa/ng/car/_Z2r97Onf
Autochek,8bK4NW4f06,KIA Rio,kia,rio,2023,15000000.0,,,0,12.0,new,Anthony,automatic,petrol,True,5,False,https://autochek.africa/ng/car/8bK4NW4f06
Autochek,6J1yNRAi5,KIA Rio,kia,rio,2023,17000000.0,,,0,12.0,foreign,Anthony,automatic,petrol,True,4.300000190734863,False,https://autochek.africa/ng/car/6J1yNRAi5
Autochek,9cov1A11Y,KIA Rio,kia,rio,2023,30000000.0,,,0,21.0,new,Alimosho,automatic,petrol,True,5,False,https://autochek.africa/ng/car/9cov1A11Y
Autochek,c-6oS_5Vu,KIA Sportage,kia,sportage,2017,20000000.0,,,0,16000.0,foreign,ikeja,automatic,petrol,False,3,False,https://autochek.africa/ng/car/c-6oS_5Vu
Autochek,V3Go_D78r,Land Rover Range Rover Evoque,land rover,range rover,2013,7000000.0,,,0,133858.0,local,Yaba,automatic,petrol,True,2.4000000953674316,False,https://autochek.africa/ng/car/V3Go_D78r
Autochek,gFvvs8Grh,Land Rover Range Rover Autobiography,land rover,range rover,2014,18806634.0,,,0,87774.0,foreign,,automatic,petrol,True,4.400000095367432,False,https://autochek.africa/ng/car/gFvvs8Grh
Autochek,36cwnYFWh,Land Rover Range Rover Sport,land rover,range rover,2017,28000000.0,,,0,117855.0,foreign,Agege,automatic,petrol,True,4,False,https://autochek.africa/ng/car/36cwnYFWh
Autochek,1_kqIF1c0,Land Rover Range Rover Evoque,land rover,range rover,2018,28000000.0,,,0,87000.0,foreign,Surulere,automatic,petrol,False,3,False,https://autochek.africa/ng/car/1_kqIF1c0
Autochek,1EO6qTKSG,Land Rover Range Rover Velar,land rover,range rover,2018,54000000.0,,,0,86000.0,foreign,,automatic,petrol,False,3,False,https://autochek.africa/ng/car/1EO6qTKSG
Autochek,LHcx7maxt,Land Rover Range Rover Velar,land rover,range rover,2019,40000000.0,,,0,147037.0,foreign,Gwarimpa ,automatic,petrol,False,3,False,https://autochek.africa/ng/car/LHcx7maxt
Autochek,7uFXHuHfW,Land Rover Range Rover Sport,land rover,range rover,2024,180000000.0,,,0,4000.0,foreign,,automatic,petrol,True,4.400000095367432,False,https://autochek.africa/ng/car/7uFXHuHfW
Autochek,gvuFmDmLI,Lexus ES,lexus,es,2007,6500000.0,,,0,76543.0,local,Gwarimpa ,automatic,petrol,False,3,False,https://autochek.africa/ng/car/gvuFmDmLI
Autochek,L1tBTpMKV,Lexus ES,lexus,es,2007,10000000.0,,,0,95546.0,foreign,,automatic,petrol,True,3.799999952316284,False,https://autochek.africa/ng/car/L1tBTpMKV
Autochek,v9I-MyRqk,Lexus ES,lexus,es,2008,10000000.0,,,0,55829.0,foreign,,automatic,petrol,True,2.5,False,https://autochek.africa/ng/car/v9I-MyRqk
Autochek,g9bNhZP4x,Lexus ES,lexus,es,2008,10500000.0,,,0,50000.0,foreign,,automatic,petrol,False,3,False,https://autochek.africa/ng/car/g9bNhZP4x
Autochek,EfJ2Ggv1v,Lexus ES,lexus,es,2009,8500000.0,,,0,13575.0,local,,automatic,petrol,False,3,False,https://autochek.africa/ng/car/EfJ2Ggv1v
Autochek,JGVhIrT-y,Lexus ES,lexus,es,2010,10000000.0,,,0,118311.0,foreign,Surulere,automatic,petrol,True,3.5,False,https://autochek.africa/ng/car/JGVhIrT-y
Autochek,LCXyrOJLW,Lexus ES,lexus,es,2010,11500000.0,,,0,7200.0,foreign,,automatic,petrol,False,3,False,https://autochek.africa/ng/car/LCXyrOJLW
Autochek,4EzchmyQk,Lexus ES,lexus,es,2011,13500000.0,,,0,96000.0,foreign,Ikorodu Road,automatic,petrol,False,3,False,https://autochek.africa/ng/car/4EzchmyQk
Autochek,ubC4_X0LK,Lexus ES,lexus,es,2013,13000000.0,,,0,143256.0,local,Gwarinpa,automatic,petrol,False,3,False,https://autochek.africa/ng/car/ubC4_X0LK
Autochek,ur9l2GXvN,Lexus ES,lexus,es,2013,13500000.0,,,0,86935.0,local,Abule egba ,automatic,petrol,True,3.799999952316284,False,https://autochek.africa/ng/car/ur9l2GXvN
Autochek,ApzAIlXcx,Lexus ES,lexus,es,2013,14500000.0,19795000.0,26.7,12,7200.0,foreign,,automatic,petrol,False,3,False,https://autochek.africa/ng/car/ApzAIlXcx
Autochek,SGtG5Uy2d,Lexus ES,lexus,es,2013,15500000.0,,,0,75125.0,local,abuja,automatic,petrol,False,3,False,https://autochek.africa/ng/car/SGtG5Uy2d
Autochek,J8sokd-SD,Lexus ES,lexus,es,2013,16000000.0,19602000.0,18.4,12,17763.0,foreign,,automatic,petrol,True,4.400000095367432,False,https://autochek.africa/ng/car/J8sokd-SD
Autochek,YwUfWz9_F,Lexus ES,lexus,es,2013,17000000.0,17865000.0,4.8,12,100477.0,foreign,,automatic,petrol,False,3,False,https://autochek.africa/ng/cars-for-sale/lexus/es/YwUfWz9_F
Autochek,-2SRaNvDM,Lexus ES,lexus,es,2013,17500000.0,18687000.0,6.4,12,67896.0,foreign,Gwarimpa ,automatic,petrol,False,3,False,https://autochek.africa/ng/car/-2SRaNvDM
Autochek,EV0cRCWHU,Lexus ES,lexus,es,2013,18000000.0,16870000.0,-6.7,12,155000.0,foreign,Gwarinpa,automatic,petrol,False,3,False,https://autochek.africa/ng/car/EV0cRCWHU
Autochek,QCmgV7Nvf,Lexus ES,lexus,es,2013,18500000.0,15985000.0,-15.7,12,191354.0,foreign,Surulere,automatic,petrol,False,3,False,https://autochek.africa/ng/car/QCmgV7Nvf
Autochek,kWWC9D_Fx,Lexus ES,lexus,es,2013,20000000.0,15843000.0,-26.2,12,199219.0,foreign,Agege,automatic,petrol,False,3,False,https://autochek.africa/ng/car/kWWC9D_Fx
Autochek,D42LqaZ8g,Lexus ES,lexus,es,2013,23000000.0,18086000.0,-27.2,12,83257.0,foreign,Festac Town,automatic,petrol,False,3,False,https://autochek.africa/ng/car/D42LqaZ8g
Autochek,igsWPPoJ-,Lexus ES,lexus,es,2014,16000000.0,19476000.0,17.8,17,54518.0,foreign,Ikosi Ketu,automatic,petrol,False,3,False,https://autochek.africa/ng/car/igsWPPoJ-
Autochek,1Oot6kaqM,Lexus ES,lexus,es,2014,18000000.0,18090000.0,0.5,17,115868.0,foreign,Ogba,automatic,petrol,False,3,False,https://autochek.africa/ng/car/1Oot6kaqM
Autochek,vpvL04WjP,Lexus ES 350,lexus,es,2014,18700000.0,18005000.0,-3.9,17,110011.0,foreign,Agege,automatic,petrol,False,3,False,https://autochek.africa/ng/car/vpvL04WjP
Autochek,fk7_4paqQ,Lexus ES,lexus,es,2014,19000000.0,19351000.0,1.8,17,50000.0,foreign,Surulere,automatic,petrol,False,3,False,https://autochek.africa/ng/cars-for-sale/lexus/es/fk7_4paqQ
Autochek,buvNIyoZz,Lexus ES,lexus,es,2014,21000000.0,18878000.0,-11.2,17,75551.0,foreign,,automatic,petrol,False,3,False,https://autochek.africa/ng/cars-for-sale/lexus/es-350/buvNIyoZz
Autochek,prLs-ibM-,Lexus ES,lexus,es,2015,16000000.0,18398000.0,13.0,14,140000.0,foreign,Ijegun Ikotun,automatic,petrol,False,3,False,https://autochek.africa/ng/car/prLs-ibM-
Autochek,CS668nH6t,Lexus ES,lexus,es,2015,19000000.0,19690000.0,3.5,14,81000.0,foreign,,automatic,petrol,False,3,False,https://autochek.africa/ng/car/CS668nH6t
Autochek,ZDKOLXT5R,Lexus ES,lexus,es,2015,19500000.0,17618000.0,-10.7,14,180000.0,foreign,Gwarimpa ,automatic,petrol,False,3,False,https://autochek.africa/ng/car/ZDKOLXT5R
Autochek,miWnP_Th7,Lexus ES,lexus,es,2015,19500000.0,19710000.0,1.1,14,80000.0,foreign,Gwarimpa ,automatic,petrol,False,3,False,https://autochek.africa/ng/car/miWnP_Th7
Autochek,qP3ZBpyjB,Lexus ES,lexus,es,2015,20000000.0,19256000.0,-3.9,14,96000.0,foreign,Mushin,automatic,petrol,False,3,False,https://autochek.africa/ng/car/qP3ZBpyjB
Autochek,521-0APQ3,Lexus ES,lexus,es,2016,19500000.0,20823000.0,6.4,10,80000.0,foreign,Ikosi Ketu,automatic,petrol,False,3,False,https://autochek.africa/ng/car/521-0APQ3
Autochek,Wnfhz-5FG,Lexus ES,lexus,es,2016,24000000.0,19943000.0,-20.3,10,86000.0,foreign,Apapa,automatic,petrol,False,3,False,https://autochek.africa/ng/cars-for-sale/es-350/lexus/Wnfhz-5FG
Autochek,-GdqLYxoO,Lexus ES,lexus,es,2016,24000000.0,19661000.0,-22.1,10,95500.0,foreign,Lagos ,automatic,petrol,True,4.099999904632568,False,https://autochek.africa/ng/car/-GdqLYxoO
Autochek,vVG5G6vOq,Lexus ES,lexus,es,2016,25000000.0,18224000.0,-37.2,10,168013.0,foreign,,automatic,petrol,False,3,False,https://autochek.africa/ng/car/vVG5G6vOq
Autochek,hWlVCdFLT,Lexus ES,lexus,es,2016,25500000.0,20081000.0,-27.0,10,79000.0,foreign,,automatic,petrol,False,3,False,https://autochek.africa/ng/car/hWlVCdFLT
Autochek,cYX388aeI,Lexus ES,lexus,es,2017,21000000.0,23121000.0,9.2,5,122612.0,foreign,Surulere,automatic,petrol,False,3,False,https://autochek.africa/ng/car/cYX388aeI
Autochek,kMcjwPI2P,Lexus ES,lexus,es,2019,53000000.0,,,0,1234.0,foreign,,automatic,petrol,False,3,False,https://autochek.africa/ng/car/kMcjwPI2P
Carlots,i14501,Few Months Used 2010 Lexus ES350 Full Option,lexus,es350,2010,11500000.0,,,0,,,,,,False,,False,https://carlots.ng/few-months-used-2010-lexus-es350-full-option_i14501.html
Autochek,RvJQkXKL-,Lexus GS,lexus,gs,2013,13000000.0,,,0,45538.0,foreign,,automatic,petrol,True,2.4000000953674316,False,https://autochek.africa/ng/car/RvJQkXKL-
Autochek,mgrqhntu8,Lexus GX,lexus,gx,2007,7000000.0,,,0,100000.0,local,Badagry,automatic,petrol,False,3,False,https://autochek.africa/ng/cars-for-sale/lexus/gx-470/mgrqhntu8
Autochek,0AupGK3Xs,Lexus GX 470,lexus,gx,2007,9000000.0,,,0,177482.0,local,,automatic,petrol,True,3,False,https://autochek.africa/ng/car/0AupGK3Xs
Autochek,M_OajiSwM,Lexus GX,lexus,gx,2010,22000000.0,,,0,89000.0,foreign,Agege,automatic,petrol,False,3,False,https://autochek.africa/ng/car/M_OajiSwM
Autochek,O-iVu3R5c,Lexus GX,lexus,gx,2010,28000000.0,,,0,84461.0,local,Alimosho,automatic,petrol,True,3.299999952316284,False,https://autochek.africa/ng/car/O-iVu3R5c
Autochek,2ljJ6eNrU,Lexus GX,lexus,gx,2010,33000000.0,,,0,61725.0,foreign,Gwarimpa ,automatic,petrol,False,3,False,https://autochek.africa/ng/car/2ljJ6eNrU
Autochek,nk0_tkZhg,Lexus GX,lexus,gx,2010,35000000.0,,,0,32145.0,foreign,,automatic,petrol,False,3,False,https://autochek.africa/ng/car/nk0_tkZhg
Autochek,ekX4wp6dV,Lexus GX,lexus,gx,2012,38000000.0,,,0,53001.0,foreign,Abuja ,automatic,petrol,False,3,False,https://autochek.africa/ng/car/ekX4wp6dV
Autochek,Kv5_rfOvu,Lexus GX 460,lexus,gx,2013,36000000.0,38577000.0,6.7,5,87000.0,foreign,Gwarimpa ,automatic,petrol,False,3,False,https://autochek.africa/ng/car/Kv5_rfOvu
Autochek,HaA1vgORn,Lexus GX,lexus,gx,2014,35000000.0,,,0,95616.0,foreign,Gwarinpa,automatic,petrol,False,3,False,https://autochek.africa/ng/car/HaA1vgORn
Autochek,rYp4MDMwM,Lexus GX 460,lexus,gx,2014,38500000.0,,,0,89000.0,foreign,Agege,automatic,petrol,False,3,False,https://autochek.africa/ng/car/rYp4MDMwM
Autochek,wwdZEZQ9E,Lexus GX,lexus,gx,2014,40000000.0,,,0,50000.0,foreign,Surulere,automatic,petrol,False,3,False,https://autochek.africa/ng/cars-for-sale/mercedes-benz/gl-460/wwdZEZQ9E
Autochek,T0iYdudnS,Lexus GX,lexus,gx,2014,48000000.0,,,0,126442.0,foreign,Gwarinpa,automatic,petrol,False,3,False,https://autochek.africa/ng/car/T0iYdudnS
Autochek,CIj-MMMO3,Lexus GX,lexus,gx,2015,35000000.0,,,0,65432.0,local,Ogba,automatic,petrol,True,4.199999809265137,False,https://autochek.africa/ng/car/CIj-MMMO3
Autochek,P_yH0NGaH,Lexus GX,lexus,gx,2016,45000000.0,,,0,10040.0,local,Ojodu berger,automatic,petrol,False,3,False,https://autochek.africa/ng/car/P_yH0NGaH
Autochek,-efM-IBJM,Lexus GX 460,lexus,gx,2017,43000000.0,,,0,50000.0,foreign,,automatic,petrol,False,3,False,https://autochek.africa/ng/car/-efM-IBJM
Autochek,I0Y9Tgqz1,Lexus GX,lexus,gx,2017,55000000.0,,,0,,foreign,Kubwa Express,automatic,petrol,False,3,False,https://autochek.africa/ng/car/I0Y9Tgqz1
Autochek,EV6FewXVZ,Lexus GX,lexus,gx,2017,75000000.0,,,0,10167.0,foreign,Ogudu ,automatic,petrol,False,3,False,https://autochek.africa/ng/car/EV6FewXVZ
Autochek,qLhmXaVTb,Lexus GX,lexus,gx,2019,50000000.0,,,0,85000.0,local,Ifako Agege,automatic,petrol,False,3,False,https://autochek.africa/ng/car/qLhmXaVTb
Autochek,wJWtFrZyU,Lexus GX 460,lexus,gx,2019,63000000.0,,,0,15000.0,foreign,Abule egba ,automatic,petrol,False,3,False,https://autochek.africa/ng/car/wJWtFrZyU
Autochek,_gyI7sHoE,Lexus GX,lexus,gx,2020,38000000.0,,,0,47474.0,foreign,Gwarimpa ,automatic,petrol,False,3,False,https://autochek.africa/ng/car/_gyI7sHoE
Autochek,RwObiH5LO,Lexus GX 460,lexus,gx,2020,62000000.0,,,0,62000.0,foreign,Surulere,automatic,petrol,False,3,False,https://autochek.africa/ng/car/RwObiH5LO
Autochek,XyhRhfd0w,Lexus GX 460,lexus,gx,2023,95000000.0,,,0,125619.0,foreign,CBD,automatic,petrol,False,3,False,https://autochek.africa/ng/car/XyhRhfd0w
Autochek,P-jLc3-SZ,Lexus IS,lexus,is,2006,5800000.0,,,0,198000.0,local,Lagos,automatic,petrol,False,3,False,https://autochek.africa/ng/car/P-jLc3-SZ
Autochek,oopzvZ0kA,Lexus IS,lexus,is,2007,6700000.0,,,0,173538.0,local,Ajah,automatic,petrol,True,3,False,https://autochek.africa/ng/car/oopzvZ0kA
Autochek,MMi-tUYPp,Lexus IS,lexus,is,2007,13000000.0,,,0,50000.0,foreign,Lagos ,automatic,petrol,False,3,False,https://autochek.africa/ng/car/MMi-tUYPp
Autochek,nPk-IlhE8,Lexus IS,lexus,is,2008,10500000.0,,,0,85000.0,foreign,Abule egba ,automatic,petrol,False,3,False,https://autochek.africa/ng/car/nPk-IlhE8
Autochek,McAX4Vpwd,Lexus IS,lexus,is,2008,10500000.0,,,0,94542.0,foreign,Festac Town,automatic,petrol,False,3,False,https://autochek.africa/ng/car/McAX4Vpwd
Autochek,QU5vlB4Tp,Lexus IS,lexus,is,2008,12800000.0,,,0,272612.0,foreign,Gwarimpa ,automatic,petrol,True,3.5,False,https://autochek.africa/ng/car/QU5vlB4Tp
Autochek,EZqDbIdFp,Lexus IS,lexus,is,2009,8.5,,,0,80000.0,local,Lagos ,automatic,petrol,False,3,False,https://autochek.africa/ng/cars-for-sale/is/lexus/EZqDbIdFp
Autochek,hU1tEUsDf,Lexus IS,lexus,is,2009,11000000.0,,,0,,foreign,abuja,automatic,petrol,False,3,False,https://autochek.africa/ng/car/hU1tEUsDf
Autochek,5Bs6ymdpj,Lexus IS,lexus,is,2011,8000000.0,,,0,112299.0,local,Ojodu,automatic,petrol,False,3,False,https://autochek.africa/ng/car/5Bs6ymdpj
Autochek,dv8a7wa7C,Lexus IS,lexus,is,2011,14500000.0,,,0,83255.0,foreign,Gwarinpa,automatic,petrol,False,3,False,https://autochek.africa/ng/car/dv8a7wa7C
Autochek,lR4WbT_r0,Lexus IS,lexus,is,2012,11000000.0,,,0,150000.0,foreign,Ipaja,automatic,petrol,False,3,False,https://autochek.africa/ng/car/lR4WbT_r0
Autochek,2Rs005S6w,Lexus IS,lexus,is,2014,15500000.0,,,0,83093.0,local,Surulere,automatic,petrol,False,3,False,https://autochek.africa/ng/cars-for-sale/lexus/is-350/2Rs005S6w
Autochek,l7z9AKroT,Lexus IS,lexus,is,2014,17000000.0,,,0,,foreign,Lagos,automatic,petrol,False,3,False,https://autochek.africa/ng/car/l7z9AKroT
Autochek,DK62lLynP,Lexus IS,lexus,is,2014,21000000.0,,,0,70819.0,foreign,Gwarimpa ,automatic,petrol,False,3,False,https://autochek.africa/ng/car/DK62lLynP
Autochek,epqJlMD2u,Lexus IS,lexus,is,2014,22000000.0,,,0,99785.0,foreign,Gwarinpa,automatic,petrol,False,3,False,https://autochek.africa/ng/car/epqJlMD2u
Autochek,3ZIqM3PEs,Lexus IS,lexus,is,2014,22000000.0,,,0,82113.0,local,Gwarinpa,automatic,petrol,True,4.400000095367432,False,https://autochek.africa/ng/car/3ZIqM3PEs
Autochek,geRvdwHEa,Lexus IS,lexus,is,2015,10700000.0,,,0,10342.0,foreign,Lekki-Epe,automatic,petrol,False,3,False,https://autochek.africa/ng/car/geRvdwHEa
Autochek,snADcIdqf,Lexus IS,lexus,is,2016,35000000.0,,,0,16000.0,foreign,ikeja,automatic,petrol,False,3,False,https://autochek.africa/ng/car/snADcIdqf
Autochek,pjnBWTGZ7,Lexus IS,lexus,is,2021,60000000.0,,,0,104726.0,foreign,Ago,automatic,petrol,False,3,False,https://autochek.africa/ng/car/pjnBWTGZ7
Autochek,2ijGZU64s,Lexus LS 500,lexus,ls,2018,70000000.0,,,0,10447.0,foreign,"Ikate, Lekki",automatic,petrol,False,3,False,https://autochek.africa/ng/car/2ijGZU64s
Autochek,4ijCpjuDs,Lexus LX,lexus,lx,2016,102000000.0,,,0,1234.0,foreign,,automatic,petrol,False,3,False,https://autochek.africa/ng/car/4ijCpjuDs
Autochek,APqfilPDQ,Lexus LX,lexus,lx,2017,70000000.0,,,0,57000.0,foreign,Gwarinpa,automatic,petrol,False,3,False,https://autochek.africa/ng/car/APqfilPDQ
Autochek,FggUunWE-,Lexus LX 570,lexus,lx,2017,75000000.0,,,0,180000.0,local,Lekki Penninsula II,automatic,petrol,False,3,False,https://autochek.africa/ng/car/FggUunWE-
Autochek,C9mH0lad2,Lexus LX,lexus,lx,2017,105000000.0,,,0,55832.0,foreign,Lagos ,automatic,petrol,True,4.099999904632568,False,https://autochek.africa/ng/car/C9mH0lad2
Autochek,4zSJSUthq,Lexus LX,lexus,lx,2023,290000000.0,,,0,5000.0,new,Maitama,automatic,petrol,False,4.5,False,https://autochek.africa/ng/car/4zSJSUthq
Autochek,geGVdLi41,Lexus LX 600,lexus,lx,2024,235000000.0,,,0,18000.0,foreign,Lekki Penninsula II,automatic,petrol,False,3,False,https://autochek.africa/ng/car/geGVdLi41
Carlots,i15646,BRAND NEW 2024 BULLETPROOF LEXUS LX600 VIP EDITION,lexus,lx600,2024,680000000.0,,,0,,,,,,False,,False,https://carlots.ng/brand-new-2024-bulletproof-lexus-lx600-vip-edition_i15646.html
Autochek,iAF36UU3a,Lexus NX 200,lexus,nx,2016,29000000.0,,,0,6880.0,foreign,,automatic,petrol,False,3,False,https://autochek.africa/ng/car/iAF36UU3a
Autochek,Ns84-lS-v,Lexus NX,lexus,nx,2017,35000000.0,,,0,89765.0,foreign,Gwarimpa ,automatic,petrol,False,3,False,https://autochek.africa/ng/car/Ns84-lS-v
Autochek,NZHLn6Uxu,Lexus NX,lexus,nx,2017,38000000.0,,,0,1383.0,foreign,,automatic,petrol,False,3,False,https://autochek.africa/ng/car/NZHLn6Uxu
Autochek,uOW87M2J_,Lexus RX 300,lexus,rx,2002,3000000.0,,,0,,local,,automatic,petrol,False,3,False,https://autochek.africa/ng/car/uOW87M2J_
Autochek,4IXfs3Rrm,Lexus RX,lexus,rx,2005,11000000.0,,,0,7200.0,local,,automatic,petrol,False,3,False,https://autochek.africa/ng/car/4IXfs3Rrm
Autochek,f99RL115h,Lexus RX,lexus,rx,2005,11500000.0,,,0,89000.0,foreign,Abule-Egba/Aboru/Meiran/Alagbado,automatic,petrol,False,3,False,https://autochek.africa/ng/car/f99RL115h
Autochek,-XTQcc0mq,Lexus RX,lexus,rx,2005,12000000.0,,,0,43122.0,foreign,,automatic,petrol,False,3,False,https://autochek.africa/ng/car/-XTQcc0mq
Autochek,xnsMu2UqH,Lexus RX,lexus,rx,2006,5000000.0,,,0,93438.0,local,Gwarimpa ,automatic,petrol,False,3,False,https://autochek.africa/ng/car/xnsMu2UqH
Autochek,t9JKnYV7n,Lexus RX 330,lexus,rx,2006,9300000.0,,,0,95000.0,local,Lagos,automatic,petrol,True,3,False,https://autochek.africa/ng/car/t9JKnYV7n
Autochek,-pFaruoQu,Lexus RX 400,lexus,rx,2007,9500000.0,,,0,50000.0,foreign,Ifo,automatic,petrol,False,3,False,https://autochek.africa/ng/car/-pFaruoQu
Autochek,D6gdIKdEV,Lexus RX 330,lexus,rx,2007,13000000.0,,,0,230191.0,foreign,Apapa,automatic,petrol,True,3.4000000953674316,False,https://autochek.africa/ng/car/D6gdIKdEV
Autochek,5PMNed70G,Lexus RX,lexus,rx,2008,8500000.0,,,0,107955.0,local,Abule Egba,automatic,petrol,True,3.700000047683716,False,https://autochek.africa/ng/car/5PMNed70G
Autochek,chLHSmdog,Lexus RX,lexus,rx,2008,11800000.0,13566000.0,13.0,7,1000.0,foreign,Alimosho,automatic,petrol,False,3,False,https://autochek.africa/ng/car/chLHSmdog
Autochek,jS9JDgMcf,Lexus RX,lexus,rx,2008,12000000.0,12109000.0,0.9,7,112944.0,foreign,Ago palace way,automatic,petrol,False,3,False,https://autochek.africa/ng/car/jS9JDgMcf
Autochek,_W2wfjGVQ,Lexus RX,lexus,rx,2008,12200000.0,12090000.0,-0.9,7,105469.0,foreign,Festac Town,automatic,petrol,False,3,False,https://autochek.africa/ng/car/_W2wfjGVQ
Autochek,mfhl8f2ad,Lexus RX 350,lexus,rx,2009,12000000.0,17041000.0,29.6,15,101988.0,foreign,,automatic,petrol,False,3,False,https://autochek.africa/ng/car/mfhl8f2ad
Autochek,22JZa1IB0,Lexus RX,lexus,rx,2009,12500000.0,16642000.0,24.9,15,124000.0,foreign,Lagos,automatic,petrol,False,3,False,https://autochek.africa/ng/car/22JZa1IB0
Autochek,_-GErqHIm,Lexus RX,lexus,rx,2009,17000000.0,13000000.0,-30.8,5,15122.0,local,,automatic,petrol,False,3,False,https://autochek.africa/ng/car/_-GErqHIm
Autochek,eCB8i6vJA,Lexus RX 350,lexus,rx,2009,18700000.0,15529000.0,-20.4,15,150205.0,foreign,Gwarinpa,automatic,petrol,False,3,False,https://autochek.africa/ng/car/eCB8i6vJA
Autochek,0DrLNt0Rs,Lexus RX 350,lexus,rx,2010,10000000.0,13000000.0,23.1,5,,local,,automatic,petrol,False,3,False,https://autochek.africa/ng/car/0DrLNt0Rs
Autochek,JKoSxPghV,Lexus RX,lexus,rx,2010,13000000.0,13000000.0,0.0,5,,local,Lagos,automatic,petrol,False,3,False,https://autochek.africa/ng/car/JKoSxPghV
Autochek,B1r8JUWr9,Lexus RX 350,lexus,rx,2010,13000000.0,13000000.0,0.0,5,142910.0,local,Ago palace way,automatic,petrol,True,2.299999952316284,False,https://autochek.africa/ng/car/B1r8JUWr9
Autochek,HpyeAfDSB,Lexus RX,lexus,rx,2010,15000000.0,13000000.0,-15.4,5,75233.0,local,Ago Palace road,automatic,petrol,True,2.299999952316284,False,https://autochek.africa/ng/car/HpyeAfDSB
Autochek,S1mW9xeUy,Lexus RX,lexus,rx,2010,15000000.0,18000000.0,16.7,16,,foreign,Alimosho,automatic,petrol,False,3,False,https://autochek.africa/ng/car/S1mW9xeUy
Autochek,HaVHoB9zt,Lexus RX 350,lexus,rx,2010,16000000.0,18540000.0,13.7,16,77000.0,foreign,Ikosi Ketu,automatic,petrol,False,3,False,https://autochek.africa/ng/car/HaVHoB9zt
Autochek,wV6Z-z7yI,Lexus RX,lexus,rx,2010,16300000.0,17340000.0,6.0,16,140000.0,foreign,Abule-Egba/Aboru/Meiran/Alagbado,automatic,petrol,False,3,False,https://autochek.africa/ng/car/wV6Z-z7yI
Autochek,PHxjAFVLn,Lexus RX 350,lexus,rx,2010,17000000.0,18306000.0,7.1,16,90000.0,foreign,Berger,automatic,petrol,False,3,False,https://autochek.africa/ng/car/PHxjAFVLn
Autochek,fE1SzwRzL,Lexus RX,lexus,rx,2010,17500000.0,18615000.0,6.0,16,72852.0,foreign,Gwarinpa,automatic,petrol,False,3,False,https://autochek.africa/ng/car/fE1SzwRzL
Autochek,nJPBCxqLe,Lexus RX 350,lexus,rx,2010,18000000.0,17815000.0,-1.0,16,103325.0,foreign,Okota,automatic,petrol,False,3,False,https://autochek.africa/ng/car/nJPBCxqLe
Autochek,TIkhDOIN6,Lexus RX 350,lexus,rx,2010,18500000.0,17314000.0,-6.9,16,127910.0,foreign,Ikeja,automatic,petrol,False,3,False,https://autochek.africa/ng/car/TIkhDOIN6
Autochek,sAEMN6ZtU,Lexus RX 350,lexus,rx,2010,18500000.0,17241000.0,-7.3,16,132001.0,foreign,ikeja,automatic,petrol,False,3,False,https://autochek.africa/ng/car/sAEMN6ZtU
Autochek,LQT2ee0O4,Lexus RX,lexus,rx,2010,19500000.0,19298000.0,-1.0,16,19800.0,foreign,Abule Egba,automatic,petrol,False,3,False,https://autochek.africa/ng/car/LQT2ee0O4
Autochek,9DGIImOAR,Lexus RX 350,lexus,rx,2010,21000000.0,17830000.0,-17.8,16,102500.0,foreign,Isolo,automatic,petrol,False,3,False,https://autochek.africa/ng/car/9DGIImOAR
Autochek,lws68FOiK,Lexus RX,lexus,rx,2011,11000000.0,13250000.0,17.0,6,74339.0,local,Ojo,automatic,petrol,True,3.4000000953674316,False,https://autochek.africa/ng/car/lws68FOiK
Autochek,fg-1hNQwl,Lexus RX,lexus,rx,2011,14500000.0,16601000.0,12.7,16,181021.0,foreign,Agege,automatic,petrol,True,2.299999952316284,False,https://autochek.africa/ng/car/fg-1hNQwl
Autochek,SARdewbsE,Lexus RX 350,lexus,rx,2011,18000000.0,17885000.0,-0.6,16,109692.0,foreign,Magodo,automatic,petrol,True,3.9000000953674316,False,https://autochek.africa/ng/car/SARdewbsE
Autochek,jG3D2gKvh,Lexus RX,lexus,rx,2011,19000000.0,18072000.0,-5.1,16,103000.0,foreign,,automatic,petrol,False,3,False,https://autochek.africa/ng/car/jG3D2gKvh
Autochek,GbrpRms5P,Lexus RX 350,lexus,rx,2011,19500000.0,17934000.0,-8.7,16,107000.0,foreign,Gowon,automatic,petrol,False,3,False,https://autochek.africa/ng/car/GbrpRms5P
Autochek,kmt4DVtbm,Lexus RX,lexus,rx,2012,13500000.0,,,0,141305.0,local,Ajah,automatic,petrol,True,2.4000000953674316,False,https://autochek.africa/ng/car/kmt4DVtbm
Autochek,_c8AmyuMO,Lexus RX 350,lexus,rx,2012,17000000.0,,,0,104388.0,local,,automatic,petrol,False,3,False,https://autochek.africa/ng/car/_c8AmyuMO
Autochek,udB06LKMV,Lexus RX,lexus,rx,2012,18000000.0,19383000.0,7.1,21,180000.0,foreign,Lagos ,automatic,petrol,False,3,False,https://autochek.africa/ng/car/udB06LKMV
Autochek,Apeoi711k,Lexus RX 350,lexus,rx,2012,18000000.0,21094000.0,14.7,21,102547.0,foreign,Apapa,automatic,petrol,False,3,False,https://autochek.africa/ng/car/Apeoi711k
Autochek,OC233dHvu,Lexus RX,lexus,rx,2012,20500000.0,20450000.0,-0.2,21,129188.0,foreign,Ikeja,automatic,petrol,False,3,False,https://autochek.africa/ng/car/OC233dHvu
Autochek,b5SfAODDA,Lexus RX,lexus,rx,2013,11000000.0,24005000.0,54.2,20,10000.0,foreign,Lagos ,automatic,petrol,False,3,False,https://autochek.africa/ng/car/b5SfAODDA
Autochek,Sy-5RY_SD,Lexus RX,lexus,rx,2013,17500000.0,19546000.0,10.5,5,12441.0,local,,automatic,petrol,False,3,False,https://autochek.africa/ng/cars-for-sale/lexus/rx-350/Sy-5RY_SD
Autochek,nNMzhoWSU,Lexus RX,lexus,rx,2013,19500000.0,22267000.0,12.4,20,89000.0,foreign,Abule-Egba/Aboru/Meiran/Alagbado,automatic,petrol,False,3,False,https://autochek.africa/ng/car/nNMzhoWSU
Autochek,-HSsYsCJ0,Lexus RX 350,lexus,rx,2013,20500000.0,21694000.0,5.5,20,112003.0,foreign,Lekki Phase II,automatic,petrol,True,2.200000047683716,False,https://autochek.africa/ng/car/-HSsYsCJ0
Autochek,MLGimnOxL,Lexus RX,lexus,rx,2013,21000000.0,21924000.0,4.2,20,101542.0,foreign,"Aguda, Surulere",automatic,petrol,False,3,False,https://autochek.africa/ng/car/MLGimnOxL
Autochek,TvgMLNiDS,Lexus RX 350,lexus,rx,2013,21000000.0,21578000.0,2.7,20,117271.0,foreign,Lagos ,automatic,petrol,True,3.9000000953674316,False,https://autochek.africa/ng/car/TvgMLNiDS
Autochek,CM1bSO0RP,Lexus RX 350,lexus,rx,2013,21500000.0,21502000.0,0.0,20,120759.0,foreign,Lekki Penninsula II,automatic,petrol,True,3.5999999046325684,False,https://autochek.africa/ng/car/CM1bSO0RP
Autochek,3TuDCMnDD,Lexus RX,lexus,rx,2013,22000000.0,24203000.0,9.1,20,1000.0,foreign,Alimosho,automatic,petrol,False,3,False,https://autochek.africa/ng/car/3TuDCMnDD
Autochek,ElR1Q4iP1,Lexus RX,lexus,rx,2013,22000000.0,24203000.0,9.1,20,1000.0,foreign,,automatic,petrol,False,3,False,https://autochek.africa/ng/car/ElR1Q4iP1
Autochek,CZidbKyuu,Lexus RX 350,lexus,rx,2013,22500000.0,21364000.0,-5.3,20,127000.0,foreign,Ikorodu Road,automatic,petrol,False,3,False,https://autochek.africa/ng/car/CZidbKyuu
Autochek,31SJX4ADJ,Lexus RX 350H,lexus,rx,2013,23000000.0,20249000.0,-13.6,20,177700.0,foreign,Oshodi-Isolo,automatic,petrol,False,3,False,https://autochek.africa/ng/car/31SJX4ADJ
Autochek,hKSBbEpok,Lexus RX,lexus,rx,2013,24000000.0,21950000.0,-9.3,20,100760.0,foreign,Gwarinpa,automatic,petrol,False,3,False,https://autochek.africa/ng/car/hKSBbEpok
Autochek,HCNzwWlM3,Lexus RX,lexus,rx,2013,24000000.0,23125000.0,-3.8,20,50000.0,foreign,,automatic,petrol,False,3,False,https://autochek.africa/ng/car/HCNzwWlM3
Autochek,7cksCdWPk,Lexus RX,lexus,rx,2013,24300000.0,22125000.0,-9.8,20,95451.0,foreign,Festac Town,automatic,petrol,False,3,False,https://autochek.africa/ng/car/7cksCdWPk
Autochek,cNrhBfwIz,Lexus RX,lexus,rx,2013,25000000.0,24067000.0,-3.9,20,7200.0,foreign,,automatic,petrol,False,3,False,https://autochek.africa/ng/car/cNrhBfwIz
Autochek,dZxTJ9Gmv,Lexus RX 350,lexus,rx,2013,25500000.0,21532000.0,-18.4,20,119359.0,foreign,Isolo,automatic,petrol,False,3,False,https://autochek.africa/ng/car/dZxTJ9Gmv
Autochek,ae7RlX0zc,Lexus RX,lexus,rx,2013,26000000.0,19152000.0,-35.8,5,10000.0,local,Lagos ,automatic,petrol,False,3,False,https://autochek.africa/ng/car/ae7RlX0zc
Autochek,PvRWisx1q,Lexus RX,lexus,rx,2014,17900000.0,22000000.0,18.6,5,122000.0,local,Igando,automatic,petrol,False,3,False,https://autochek.africa/ng/car/PvRWisx1q
Autochek,3FmvEXpZ2,Lexus RX,lexus,rx,2014,22000000.0,24951000.0,11.8,25,25261.0,foreign,,automatic,petrol,False,3,False,https://autochek.africa/ng/cars-for-sale/rx/lexus/3FmvEXpZ2
Autochek,fEudr787i,Lexus RX,lexus,rx,2014,23500000.0,25168000.0,6.6,25,16000.0,foreign,ikeja,automatic,petrol,False,3,False,https://autochek.africa/ng/car/fEudr787i
Autochek,Wt2_kdjfe,Lexus RX 350,lexus,rx,2014,23500000.0,17900000.0,-31.3,5,19000.0,local,Abule Egba,automatic,petrol,False,3,False,https://autochek.africa/ng/car/Wt2_kdjfe
Autochek,7TvPN6SD6,Lexus RX,lexus,rx,2014,25000000.0,24789000.0,-0.9,25,32145.0,foreign,,automatic,petrol,False,3,False,https://autochek.africa/ng/car/7TvPN6SD6
Autochek,j3lyHiD0Z,Lexus RX,lexus,rx,2015,17000000.0,,,0,10000.0,local,,automatic,petrol,False,3,False,https://autochek.africa/ng/cars-for-sale/rx/lexus/j3lyHiD0Z
Autochek,tEmLiqNnW,Lexus RX 350,lexus,rx,2015,22000000.0,,,0,,local,Lagos ,automatic,hybrid-petrol,False,3.799999952316284,False,https://autochek.africa/ng/cars-for-sale/lexus/rx-350/tEmLiqNnW
Autochek,f7snRVjF3,Lexus RX 350,lexus,rx,2015,22500000.0,28000000.0,19.6,20,,foreign,Idimu,automatic,petrol,False,3,False,https://autochek.africa/ng/car/f7snRVjF3
Autochek,UDvFhxE7A,Lexus RX,lexus,rx,2015,23500000.0,29961000.0,21.6,20,9165.0,foreign,Ikeja,automatic,petrol,False,3,False,https://autochek.africa/ng/car/UDvFhxE7A
Autochek,O_lLIU_-_,Lexus RX,lexus,rx,2015,23500000.0,27661000.0,15.0,20,85000.0,foreign,Abule egba ,automatic,petrol,False,3,False,https://autochek.africa/ng/car/O_lLIU_-_
Autochek,j1zfYI3vD,Lexus RX,lexus,rx,2015,24000000.0,23800000.0,-0.8,20,246488.0,foreign,,automatic,petrol,False,3,False,https://autochek.africa/ng/car/j1zfYI3vD
Autochek,XJeMOlENq,Lexus RX,lexus,rx,2015,24000000.0,27661000.0,13.2,20,85000.0,foreign,Abule egba ,automatic,petrol,False,3,False,https://autochek.africa/ng/car/XJeMOlENq
Autochek,bFW0sjFee,Lexus RX,lexus,rx,2015,24000000.0,27791000.0,13.6,20,80379.0,foreign,,automatic,petrol,False,3,False,https://autochek.africa/ng/car/bFW0sjFee
Autochek,YTsvV3qjO,Lexus RX,lexus,rx,2015,25000000.0,27010000.0,7.4,20,108265.0,foreign,Ogba,automatic,petrol,False,3,False,https://autochek.africa/ng/car/YTsvV3qjO
Autochek,mRod8AuDw,Lexus RX 350,lexus,rx,2015,27000000.0,28623000.0,5.7,20,19087.0,foreign,abuja,automatic,petrol,False,3,False,https://autochek.africa/ng/car/mRod8AuDw
Autochek,FG_fS8UT-,Lexus RX,lexus,rx,2016,29000000.0,37463000.0,22.6,29,10000.0,foreign,Lagos,automatic,petrol,False,3,False,https://autochek.africa/ng/cars-for-sale/lexus/rx-350/FG_fS8UT-
Autochek,oOICWfAkR,Lexus RX,lexus,rx,2016,30000000.0,36763000.0,18.4,29,30000.0,foreign,Lagos ,automatic,petrol,True,4.400000095367432,False,https://autochek.africa/ng/car/oOICWfAkR
Autochek,loIsxKj-L,Lexus RX 350,lexus,rx,2016,30000000.0,,,0,50000.0,local,"Aguda, Surulere",automatic,petrol,False,3,False,https://autochek.africa/ng/car/loIsxKj-L
Autochek,-jdQ2KTAb,Lexus RX,lexus,rx,2016,35000000.0,33250000.0,-5.3,29,130000.0,foreign,Akute,automatic,petrol,False,3,False,https://autochek.africa/ng/car/-jdQ2KTAb
Autochek,TjuSr7BYf,Lexus RX,lexus,rx,2016,37000000.0,36674000.0,-0.9,29,32546.0,foreign,Iyana Ipaja,automatic,petrol,False,3,False,https://autochek.africa/ng/car/TjuSr7BYf
Autochek,SEHlp4hlr,Lexus RX 350,lexus,rx,2016,44000000.0,34685000.0,-26.9,29,89000.0,foreign,Surulere,automatic,petrol,False,3,False,https://autochek.africa/ng/car/SEHlp4hlr
Autochek,3-kG2cSc_,Lexus RX,lexus,rx,2016,45000000.0,33847000.0,-33.0,29,112944.0,foreign,Ago palace way,automatic,petrol,False,3,False,https://autochek.africa/ng/car/3-kG2cSc_
Autochek,EOldiXvJ8,Lexus RX,lexus,rx,2016,46000000.0,34782000.0,-32.3,29,86228.0,foreign,Abuja ,automatic,petrol,False,3,False,https://autochek.africa/ng/car/EOldiXvJ8
Autochek,OwNJ2vUqb,Lexus RX,lexus,rx,2016,46000000.0,35000000.0,-31.4,29,,foreign,abuja,automatic,petrol,False,3,False,https://autochek.africa/ng/car/OwNJ2vUqb
Autochek,AGwrhPcMP,Lexus RX,lexus,rx,2016,49500000.0,35083000.0,-41.1,29,78000.0,foreign,,automatic,petrol,False,3,False,https://autochek.africa/ng/car/AGwrhPcMP
Autochek,MzUg8b_4h,Lexus RX 350,lexus,rx,2016,54000000.0,35440000.0,-52.4,29,67810.0,foreign,"Chevron, Lekki",automatic,petrol,True,2.5,False,https://autochek.africa/ng/car/MzUg8b_4h
Autochek,cqjdjskzM,Lexus RX 350,lexus,rx,2017,31000000.0,,,0,211156.0,local,,automatic,petrol,False,3,False,https://autochek.africa/ng/car/cqjdjskzM
Autochek,6mjFwFXHO,Lexus RX,lexus,rx,2017,33000000.0,37540000.0,12.1,26,80000.0,foreign,Iju,automatic,petrol,False,3,False,https://autochek.africa/ng/car/6mjFwFXHO
Autochek,yFI5NPL3d,Lexus RX 350,lexus,rx,2017,33000000.0,40592000.0,18.7,26,9786.0,foreign,Ibadan,manual,petrol,True,2.700000047683716,False,https://autochek.africa/ng/car/yFI5NPL3d
Autochek,KsyRUUI2r,Lexus RX,lexus,rx,2017,34000000.0,37001000.0,8.1,26,94170.0,foreign,Surulere,automatic,petrol,True,4.099999904632568,False,https://autochek.africa/ng/car/KsyRUUI2r
Autochek,jIrHBcpPO,Lexus RX 350,lexus,rx,2017,34000000.0,36932000.0,7.9,26,96000.0,foreign,Ikorodu Road,automatic,petrol,False,3,False,https://autochek.africa/ng/car/jIrHBcpPO
Autochek,IVw6l_kXS,Lexus RX 350,lexus,rx,2017,35000000.0,40917000.0,14.5,26,1234.0,foreign,,automatic,petrol,False,3,False,https://autochek.africa/ng/car/IVw6l_kXS
Autochek,-DjxSGEuC,Lexus RX,lexus,rx,2017,37000000.0,38000000.0,2.6,26,,foreign,Idimu,automatic,petrol,False,3,False,https://autochek.africa/ng/car/-DjxSGEuC
Autochek,WdMKJHE8H,Lexus RX,lexus,rx,2017,37000000.0,35781000.0,-3.4,26,126281.0,foreign,,automatic,petrol,True,3.9000000953674316,False,https://autochek.africa/ng/car/WdMKJHE8H
Autochek,mDsjBdyQ7,Lexus RX,lexus,rx,2017,38000000.0,37500000.0,-1.3,26,,foreign,,automatic,petrol,False,3,False,https://autochek.africa/ng/cars-for-sale/lexus/rx-350/mDsjBdyQ7
Autochek,GxS8Xdkw3,Lexus RX 350,lexus,rx,2017,38000000.0,40050000.0,5.1,26,10000.0,foreign,Ipaja,automatic,petrol,False,3,False,https://autochek.africa/ng/car/GxS8Xdkw3
Autochek,_7VCL2_xv,Lexus RX 350,lexus,rx,2017,38000000.0,39000000.0,2.6,26,38000.0,foreign,Surulere,automatic,petrol,False,3,False,https://autochek.africa/ng/car/_7VCL2_xv
Autochek,junwb-WrV,Lexus RX,lexus,rx,2017,42000000.0,35850000.0,-17.2,26,111877.0,foreign,Festac Town,automatic,petrol,False,3,False,https://autochek.africa/ng/car/junwb-WrV
Autochek,4zMWdzVrR,Lexus RX 350,lexus,rx,2017,44500000.0,37879000.0,-17.5,26,67890.0,foreign,Ikeja,automatic,petrol,False,3,False,https://autochek.africa/ng/car/4zMWdzVrR
Autochek,GzfnyPaNM,Lexus RX,lexus,rx,2018,37000000.0,36305000.0,-1.9,19,82599.0,foreign,,automatic,petrol,True,2.700000047683716,False,https://autochek.africa/ng/car/GzfnyPaNM
Autochek,t5IYoE8kC,Lexus RX 350,lexus,rx,2018,37000000.0,39392000.0,6.1,19,31251.0,foreign,Lekki,automatic,petrol,False,3,False,https://autochek.africa/ng/car/t5IYoE8kC
Autochek,1AWZt9s_7,Lexus RX 350,lexus,rx,2018,39000000.0,40533000.0,3.8,19,1234.0,foreign,,automatic,petrol,False,3,False,https://autochek.africa/ng/car/1AWZt9s_7
Autochek,WtVF1xyX8,Lexus RX 350,lexus,rx,2018,47000000.0,39769000.0,-18.2,19,21345.0,foreign,lekki,automatic,petrol,False,3,False,https://autochek.africa/ng/car/WtVF1xyX8
Autochek,Wiwu8WUVu,Lexus RX 350,lexus,rx,2018,55000000.0,35747000.0,-53.9,19,97284.0,foreign,,automatic,petrol,False,3,False,https://autochek.africa/ng/car/Wiwu8WUVu
Autochek,cL57VaA9I,Lexus RX,lexus,rx,2019,45000000.0,43563000.0,-3.3,11,104388.0,foreign,Abuja ,automatic,petrol,False,3,False,https://autochek.africa/ng/cars-for-sale/lexus/rx-350/cL57VaA9I
Autochek,vRZl2SNMd,Lexus RX 350L,lexus,rx,2019,46000000.0,48513000.0,5.2,11,16000.0,foreign,ikeja,automatic,petrol,False,3,False,https://autochek.africa/ng/car/vRZl2SNMd
Autochek,hr_uU4J_C,Lexus RX,lexus,rx,2019,63000000.0,48160000.0,-30.8,11,1234.0,foreign,,automatic,petrol,False,3,False,https://autochek.africa/ng/car/hr_uU4J_C
Autochek,AZysQmSDC,Lexus RX 350,lexus,rx,2020,42000000.0,49784000.0,15.6,10,133941.0,foreign,Isolo,automatic,petrol,False,3,False,https://autochek.africa/ng/car/AZysQmSDC
Autochek,epiAO1aDp,Lexus RX,lexus,rx,2020,55000000.0,52565000.0,-4.6,10,48201.0,foreign,Katampe Road,automatic,petrol,False,3,False,https://autochek.africa/ng/car/epiAO1aDp
Autochek,qPjjqNp6Z,Lexus RX,lexus,rx,2020,59000000.0,47203000.0,-25.0,10,148477.0,foreign,Gwarimpa ,automatic,petrol,False,3,False,https://autochek.africa/ng/car/qPjjqNp6Z
Autochek,UWKhpbVdK,Lexus RX 350L,lexus,rx,2020,60000000.0,54012000.0,-11.1,10,30000.0,foreign,Lagos ,automatic,petrol,False,3,False,https://autochek.africa/ng/car/UWKhpbVdK
Autochek,lxM7g40Py,Lexus RX 350,lexus,rx,2021,50000000.0,58894000.0,15.1,9,50000.0,foreign,Surulere,automatic,petrol,False,3,False,https://autochek.africa/ng/car/lxM7g40Py
Autochek,AT5LtuKLy,Lexus RX,lexus,rx,2021,51000000.0,57360000.0,11.1,9,76000.0,foreign,Gwarinpa,automatic,petrol,False,3,False,https://autochek.africa/ng/car/AT5LtuKLy
Autochek,91yptRaXS,Lexus RX 350,lexus,rx,2021,55000000.0,61242000.0,10.2,9,12000.0,foreign,ikeja,automatic,petrol,False,3,False,https://autochek.africa/ng/car/91yptRaXS
Autochek,5BYOQceLr,Lexus RX 350,lexus,rx,2021,75000000.0,56701000.0,-32.3,9,19076.0,foreign,Gwarimpa ,automatic,petrol,False,3,False,https://autochek.africa/ng/car/5BYOQceLr
Autochek,d-dUqX3TM,Lexus RX,lexus,rx,2022,67000000.0,66002000.0,-1.5,8,150273.0,foreign,Ijegun Ikotun,cvt,petrol,False,3,False,https://autochek.africa/ng/car/d-dUqX3TM
Autochek,FKDbdILnP,Lexus RX,lexus,rx,2022,75000000.0,71272000.0,-5.2,8,27452.0,foreign,Gwarimpa ,cvt,petrol,False,3,False,https://autochek.africa/ng/car/FKDbdILnP
Autochek,S-scLQeIJ,Lexus RX 350,lexus,rx,2023,95000000.0,95186000.0,0.2,5,30000.0,foreign,Festac Town,automatic,petrol,False,3,False,https://autochek.africa/ng/car/S-scLQeIJ
Autochek,I2QmWpHG3,Lexus RX,lexus,rx,2023,96000000.0,94871000.0,-1.2,5,31954.0,foreign,Ikeja ,automatic,petrol,True,4.199999809265137,False,https://autochek.africa/ng/car/I2QmWpHG3
Autochek,zPSC7JQuP,Lexus RX,lexus,rx,2023,115000000.0,95129000.0,-20.9,5,30600.0,foreign,"Ikota, Lekki",automatic,petrol,False,3,False,https://autochek.africa/ng/car/zPSC7JQuP
Autochek,7KbRcxaMx,Lexus RX 350,lexus,rx,2024,95000000.0,,,0,123000.0,foreign,Ago palace way,automatic,petrol,False,3,False,https://autochek.africa/ng/car/7KbRcxaMx
Carlots,i18982,2005 LEXUS RX330,lexus,rx330,2005,7100000.0,,,0,,,,,,False,,False,https://carlots.ng/2005-lexus-rx330_i18982.html
Autochek,eEGB6U_QO,Lexus TX 350,lexus,tx,2024,185000000.0,,,0,10000.0,foreign,,automatic,petrol,False,3,False,https://autochek.africa/ng/car/eEGB6U_QO
Autochek,z3y__iJZv,Lexus TX,lexus,tx,2025,170000000.0,,,0,2012.0,foreign,Lagos ,automatic,petrol,False,3,False,https://autochek.africa/ng/car/z3y__iJZv
Autochek,PLH4OkvCI,Lexus TX 350,lexus,tx,2025,172000000.0,,,0,,foreign,Lagos,automatic,petrol,False,3,False,https://autochek.africa/ng/car/PLH4OkvCI
Autochek,LNLXgO9C0,Mazda CX-9,mazda,cx-9,2007,10500000.0,,,0,87732.0,foreign,Oregun,automatic,petrol,True,2.799999952316284,False,https://autochek.africa/ng/car/LNLXgO9C0
Autochek,Dvj7iRJLO,Mazda CX-9,mazda,cx-9,2014,15000000.0,,,0,1200.0,foreign,Lagos,automatic,petrol,True,4.400000095367432,False,https://autochek.africa/ng/car/Dvj7iRJLO
Autochek,cm2jIcTU7,Mazda CX-9,mazda,cx-9,2016,30000000.0,,,0,1200.0,foreign,Lagos,automatic,petrol,True,4.400000095367432,False,https://autochek.africa/ng/car/cm2jIcTU7
Autochek,-fxIbHw3e,Mercedes-Benz 250,mercedes-benz,250,2021,39500000.0,,,0,154000.0,foreign,Gwarinpa,automatic,petrol,False,3,False,https://autochek.africa/ng/car/-fxIbHw3e
Autochek,OMU9MMFGB,Mercedes-Benz 350,mercedes-benz,350,2014,23000000.0,,,0,50000.0,foreign,Surulere,automatic,petrol,False,3,False,https://autochek.africa/ng/cars-for-sale/mercedes-benz/350/OMU9MMFGB
Autochek,n3jJLWVWZ,Mercedes-Benz 350,mercedes-benz,350,2015,27000000.0,,,0,50000.0,foreign,Surulere,automatic,petrol,False,3,False,https://autochek.africa/ng/cars-for-sale/mercedes-benz/350/n3jJLWVWZ
Autochek,KsMNsHLQc,Mercedes-Benz 350,mercedes-benz,350,2017,25000000.0,,,0,146134.0,foreign,Amuwo-Odofin,automatic,petrol,False,3,False,https://autochek.africa/ng/car/KsMNsHLQc
Autochek,_02P6Lwpb,Mercedes-Benz 400,mercedes-benz,400,2017,47000000.0,,,0,97000.0,foreign,,automatic,petrol,False,3,False,https://autochek.africa/ng/car/_02P6Lwpb
Autochek,2Q2OoKtIx,Mercedes-Benz A-Class,mercedes-benz,a-class,2021,29500000.0,,,0,48474.0,foreign,,automatic,petrol,False,3,False,https://autochek.africa/ng/car/2Q2OoKtIx
Carlots,i18575,2017 MERCEDES BENZ GLE350,mercedes-benz,benz,2017,40000000.0,,,0,,,,,,False,,False,https://carlots.ng/2017-mercedes-benz-gle350_i18575.html
Autochek,FLvf8b_QH,Mercedes-Benz C-Class,mercedes-benz,c-class,2009,7800000.0,,,0,87999.0,foreign,Abuja,automatic,petrol,False,3,False,https://autochek.africa/ng/car/FLvf8b_QH
Autochek,SCr5XLXpQ,Mercedes-Benz C-Class,mercedes-benz,c-class,2009,12500000.0,,,0,,foreign,abuja,automatic,petrol,False,3,False,https://autochek.africa/ng/car/SCr5XLXpQ
Autochek,ubj3FEWe2,Mercedes-Benz C-Class,mercedes-benz,c-class,2010,5800000.0,,,0,201000.0,local,Central Business Dis,automatic,petrol,False,3,False,https://autochek.africa/ng/car/ubj3FEWe2
Autochek,w31ffm_Zm,Mercedes-Benz C-Class,mercedes-benz,c-class,2010,6000000.0,,,0,89899.0,local,Nyanya,automatic,petrol,False,3,False,https://autochek.africa/ng/car/w31ffm_Zm
Autochek,RnOXOr47o,Mercedes-Benz C-Class,mercedes-benz,c-class,2010,6000000.0,,,0,68090.0,local,Kubuwa Expressway,automatic,petrol,False,3,False,https://autochek.africa/ng/car/RnOXOr47o
Autochek,JvBDPArau,Mercedes-Benz C-Class,mercedes-benz,c-class,2010,8160000.0,,,0,109175.0,local,Kano Municipal,automatic,petrol,True,3.799999952316284,False,https://autochek.africa/ng/car/JvBDPArau
Autochek,EhNuYJsUW,Mercedes-Benz C-Class,mercedes-benz,c-class,2011,8000000.0,,,0,167544.0,local,Gwarinpa,automatic,petrol,False,3,False,https://autochek.africa/ng/car/EhNuYJsUW
Autochek,GafPrDren,Mercedes-Benz C-Class,mercedes-benz,c-class,2014,12500000.0,,,0,120986.0,foreign,Gwarinpa,automatic,petrol,False,3,False,https://autochek.africa/ng/car/GafPrDren
Autochek,A41DO7WsP,Mercedes-Benz C-Class,mercedes-benz,c-class,2014,13500000.0,,,0,5000.0,foreign,Gwarinpa,automatic,petrol,False,3,False,https://autochek.africa/ng/car/A41DO7WsP
Autochek,HBeljGO3y,Mercedes-Benz C-Class,mercedes-benz,c-class,2015,13800000.0,16672000.0,17.2,5,87270.0,foreign,Lagos Mainland,automatic,petrol,False,3,False,https://autochek.africa/ng/car/HBeljGO3y
Autochek,BOUyLKgQY,Mercedes-Benz C-Class,mercedes-benz,c-class,2015,24000000.0,13641000.0,-75.9,5,79549.0,foreign,,automatic,petrol,False,3,False,https://autochek.africa/ng/car/BOUyLKgQY
Autochek,IsRMSafkT,Mercedes-Benz C-Class,mercedes-benz,c-class,2015,28500000.0,13959000.0,-104.2,5,68000.0,foreign,,automatic,petrol,False,3,False,https://autochek.africa/ng/car/IsRMSafkT
Autochek,hrsmnTwZZ,Mercedes-Benz C-Class,mercedes-benz,c-class,2015,32000000.0,,,0,40000.0,local,Katampe,automatic,petrol,False,3,False,https://autochek.africa/ng/car/hrsmnTwZZ
Autochek,BtaTNMwlv,Mercedes-Benz C-Class,mercedes-benz,c-class,2016,20.0,24389000.0,100.0,6,23000.0,foreign,Ikeja,automatic,petrol,False,3,False,https://autochek.africa/ng/car/BtaTNMwlv
Autochek,TCqs2TH2n,Mercedes-Benz C-Class,mercedes-benz,c-class,2016,17000000.0,24894000.0,31.7,5,50000.0,foreign,,automatic,petrol,False,3,False,https://autochek.africa/ng/car/TCqs2TH2n
Autochek,eRU5pyZrs,Mercedes-Benz C-Class,mercedes-benz,c-class,2016,18500000.0,,,0,65000.0,local,abuja,automatic,petrol,False,3,False,https://autochek.africa/ng/car/eRU5pyZrs
Autochek,ktCIxKBfK,Mercedes-Benz C-Class,mercedes-benz,c-class,2016,37500000.0,,,0,144166.0,local,CBD,automatic,petrol,False,3,False,https://autochek.africa/ng/car/ktCIxKBfK
Autochek,omyNnU1Dz,Mercedes-Benz C-Class,mercedes-benz,c-class,2017,22000000.0,,,0,100348.0,foreign,Gwarimpa ,automatic,petrol,True,4.400000095367432,False,https://autochek.africa/ng/car/omyNnU1Dz
Autochek,G0qZloFIR,Mercedes-Benz C-Class,mercedes-benz,c-class,2017,45000000.0,,,0,150205.0,foreign,Katempe ,automatic,petrol,False,3,False,https://autochek.africa/ng/car/G0qZloFIR
Autochek,sx2pdjmpK,Mercedes-Benz C-Class,mercedes-benz,c-class,2018,16500000.0,,,0,127428.0,foreign,Gwarimpa ,automatic,petrol,False,3,False,https://autochek.africa/ng/car/sx2pdjmpK
Autochek,kOaHHJOUh,Mercedes-Benz C-Class,mercedes-benz,c-class,2018,48500000.0,,,0,72605.0,foreign,Garki 2,automatic,petrol,False,3,False,https://autochek.africa/ng/car/kOaHHJOUh
Autochek,1q0skm_IH,Mercedes-Benz C-Class,mercedes-benz,c-class,2022,65000000.0,,,0,112299.0,foreign,Lagos,automatic,petrol,True,4.199999809265137,False,https://autochek.africa/ng/car/1q0skm_IH
Autochek,5Rl6rkrl5,Mercedes-Benz C-Class,mercedes-benz,c-class,2023,78500000.0,,,0,105767.0,foreign,,automatic,petrol,False,3,False,https://autochek.africa/ng/car/5Rl6rkrl5
Autochek,ZRm65nQB5,Mercedes-Benz C-Class,mercedes-benz,c-class,2024,78000000.0,,,0,108765.0,local,Gwarimpa ,automatic,petrol,False,3,False,https://autochek.africa/ng/car/ZRm65nQB5
Autochek,RtFQj6TN9,Mercedes-Benz CLA 250,mercedes-benz,cla,2021,70000000.0,,,0,104388.0,foreign,Gwarinpa,automatic,petrol,False,3,False,https://autochek.africa/ng/cars-for-sale/mercedes-benz/cla-250/RtFQj6TN9
Autochek,2u1fCax9A,Mercedes-Benz CLA-Class,mercedes-benz,cla-class,2014,8000000.0,,,0,152247.0,local,,automatic,petrol,True,2,False,https://autochek.africa/ng/car/2u1fCax9A
Autochek,7-CAbziJ1,Mercedes-Benz CLA-Class,mercedes-benz,cla-class,2014,12500000.0,,,0,104358.0,foreign,,automatic,petrol,True,2.200000047683716,False,https://autochek.africa/ng/car/7-CAbziJ1
Autochek,VfLtwltVK,Mercedes-Benz CLA-Class,mercedes-benz,cla-class,2014,17500000.0,,,0,32450.0,foreign,Ibadan,automatic,petrol,False,3,False,https://autochek.africa/ng/car/VfLtwltVK
Autochek,e0uQ47xvO,Mercedes-Benz CLA-Class,mercedes-benz,cla-class,2015,18000000.0,,,0,125000.0,foreign,Ijegun Ikotun,automatic,petrol,True,4.400000095367432,False,https://autochek.africa/ng/car/e0uQ47xvO
Autochek,RQa0OEuhQ,Mercedes-Benz CLA-Class,mercedes-benz,cla-class,2015,20000000.0,,,0,65443.0,foreign,Surulere,automatic,petrol,False,3,False,https://autochek.africa/ng/car/RQa0OEuhQ
Autochek,rRVmZMwTy,Mercedes-Benz CLA-Class,mercedes-benz,cla-class,2015,20000000.0,,,0,26660.0,foreign,Kaura Market,automatic,petrol,False,3,False,https://autochek.africa/ng/car/rRVmZMwTy
Autochek,6VgPQKPfs,Mercedes-Benz E-Class,mercedes-benz,e-class,2010,9000000.0,,,0,153783.0,local,Gwarimpa ,automatic,petrol,False,3,False,https://autochek.africa/ng/car/6VgPQKPfs
Autochek,5pIWQRprP,Mercedes-Benz E-Class,mercedes-benz,e-class,2011,8000000.0,,,0,110011.0,local,,automatic,petrol,False,3,False,https://autochek.africa/ng/car/5pIWQRprP
Autochek,DOaz6FbM_,Mercedes-Benz E-Class,mercedes-benz,e-class,2012,16500000.0,,,0,132730.0,foreign,Gwarinpa,automatic,petrol,False,3,False,https://autochek.africa/ng/car/DOaz6FbM_
Autochek,XwlaTO9wq,Mercedes-Benz E-Class,mercedes-benz,e-class,2013,16500000.0,,,0,101865.0,foreign,,automatic,petrol,False,3,False,https://autochek.africa/ng/car/XwlaTO9wq
Autochek,fpT3RjAan,Mercedes-Benz E-Class,mercedes-benz,e-class,2014,18500000.0,,,0,104388.0,foreign,Gwarimpa ,automatic,petrol,False,3,False,https://autochek.africa/ng/car/fpT3RjAan
Autochek,VlVWjBBd5,Mercedes-Benz E-Class,mercedes-benz,e-class,2014,20500000.0,,,0,5000.0,foreign,Gwarinpa,automatic,petrol,False,3,False,https://autochek.africa/ng/car/VlVWjBBd5
Autochek,8ZTiYYylG,Mercedes-Benz E-Class,mercedes-benz,e-class,2015,19000000.0,,,0,104466.0,local,,automatic,petrol,False,3,False,https://autochek.africa/ng/car/8ZTiYYylG
Autochek,7-YaCJ1G2,Mercedes-Benz E-Class,mercedes-benz,e-class,2017,17556750.0,,,0,,foreign,,automatic,petrol,True,4.400000095367432,False,https://autochek.africa/ng/car/7-YaCJ1G2
Autochek,9unfG2-Tb,Mercedes-Benz E-Class,mercedes-benz,e-class,2018,37000000.0,,,0,190000.0,foreign,Abule Egba,automatic,petrol,False,3,False,https://autochek.africa/ng/car/9unfG2-Tb
Autochek,bj4hdK7zd,Mercedes-Benz E-Class,mercedes-benz,e-class,2018,44000000.0,,,0,53421.0,foreign,Gwarinpa,automatic,petrol,False,3,False,https://autochek.africa/ng/car/bj4hdK7zd
Autochek,M8eMCvgNs,Mercedes-Benz E-Class,mercedes-benz,e-class,2019,43000000.0,,,0,31119.0,foreign,,automatic,petrol,False,3,False,https://autochek.africa/ng/car/M8eMCvgNs
Autochek,kd1Tmx2li,Mercedes-Benz E-Class,mercedes-benz,e-class,2019,45000000.0,,,0,97517.0,foreign,Ogudu,automatic,petrol,False,3,False,https://autochek.africa/ng/car/kd1Tmx2li
Autochek,Ma1GzZ6gq,Mercedes-Benz E-Class,mercedes-benz,e-class,2021,45000000.0,,,0,37777.0,foreign,Central Business Dis,automatic,petrol,False,3,False,https://autochek.africa/ng/car/Ma1GzZ6gq
Carlots,i18546,2016 MERCEDES-BENZ E300,mercedes-benz,e300,2016,30000000.0,,,0,,,,,,False,,False,https://carlots.ng/2016-mercedes-benz-e300_i18546.html
Autochek,DT2FV8EJM,Mercedes-Benz E350,mercedes-benz,e350,2014,13000000.0,,,0,104388.0,foreign,Gwarimpa ,automatic,petrol,False,3,False,https://autochek.africa/ng/car/DT2FV8EJM
Autochek,dklRfDyzj,Mercedes-Benz G 63 AMG,mercedes-benz,g,2019,195000000.0,,,0,625.0,foreign,Ajah/Sangotedo,automatic,petrol,False,3,False,https://autochek.africa/ng/car/dklRfDyzj
Autochek,8RGO1CHbU,Mercedes-Benz G-Class,mercedes-benz,g-class,2019,230000000.0,,,0,4000.0,foreign,,automatic,petrol,True,4.400000095367432,False,https://autochek.africa/ng/car/8RGO1CHbU
Autochek,M3HBZwXZc,Mercedes-Benz G-Class,mercedes-benz,g-class,2020,230000000.0,,,0,138943.0,foreign,Wuse,automatic,petrol,True,4.199999809265137,False,https://autochek.africa/ng/car/M3HBZwXZc
Autochek,NUr-3hsUC,Mercedes-Benz G-Class,mercedes-benz,g-class,2020,550000000.0,,,0,45701.0,foreign,Oniru,automatic,petrol,True,4.199999809265137,False,https://autochek.africa/ng/car/NUr-3hsUC
Autochek,3ujXGI0vE,Mercedes-Benz G-Class,mercedes-benz,g-class,2023,380000000.0,,,0,47756.0,foreign,"Ikate, Lekki",automatic,petrol,True,2.4000000953674316,False,https://autochek.africa/ng/car/3ujXGI0vE
Autochek,Zky8Kyxh5,Mercedes-Benz G-Class,mercedes-benz,g-class,2024,460000000.0,,,0,10000.0,foreign,Lagos ,automatic,petrol,False,3,False,https://autochek.africa/ng/car/Zky8Kyxh5
Autochek,t5_ljguHL,Mercedes-Benz GL 450,mercedes-benz,gl,2013,16000000.0,,,0,58716.0,local,Nyanya,automatic,petrol,False,3,False,https://autochek.africa/ng/car/t5_ljguHL
Autochek,Y0nlQvcYE,Mercedes-Benz GLA 250,mercedes-benz,gla,2019,26500000.0,,,0,120000.0,foreign,Ikorodu Road,automatic,petrol,False,3,False,https://autochek.africa/ng/car/Y0nlQvcYE
Autochek,iSfoXPd3X,Mercedes-Benz GLA-Class,mercedes-benz,gla-class,2015,25000000.0,,,0,155432.0,foreign,Gwarinpa,automatic,petrol,False,3,False,https://autochek.africa/ng/car/iSfoXPd3X
Autochek,DwMcDY20b,Mercedes-Benz GLA-Class,mercedes-benz,gla-class,2015,25000000.0,,,0,121865.0,foreign,Katampe,automatic,petrol,False,3,False,https://autochek.africa/ng/car/DwMcDY20b
Autochek,S-h71JxDD,Mercedes-Benz GLA-Class,mercedes-benz,gla-class,2015,26000000.0,,,0,100865.0,foreign,Katampe,automatic,petrol,False,3,False,https://autochek.africa/ng/car/S-h71JxDD
Autochek,p4yZgM73z,Mercedes-Benz GLA-Class,mercedes-benz,gla-class,2016,29000000.0,,,0,112321.0,foreign,Katampe,automatic,petrol,False,3,False,https://autochek.africa/ng/car/p4yZgM73z
Autochek,AE0i8kMcM,Mercedes-Benz GLA-Class,mercedes-benz,gla-class,2017,25000000.0,,,0,87516.0,foreign,"Aguda, Surulere",automatic,petrol,False,3,False,https://autochek.africa/ng/car/AE0i8kMcM
Autochek,4nzOj8uIN,Mercedes-Benz GLA-Class,mercedes-benz,gla-class,2019,30000000.0,,,0,7200.0,foreign,,manual,petrol,False,3,False,https://autochek.africa/ng/car/4nzOj8uIN
Autochek,V9kTb1wsr,Mercedes-Benz GLB 250,mercedes-benz,glb,2020,40000000.0,,,0,85000.0,foreign,Ifako Agege,automatic,petrol,False,3,False,https://autochek.africa/ng/car/V9kTb1wsr
Autochek,Tm1vRu_gI,Mercedes-Benz GLB 250,mercedes-benz,glb,2022,48000000.0,,,0,7158.0,foreign,Ajah/Sangotedo,automatic,petrol,False,3,False,https://autochek.africa/ng/car/Tm1vRu_gI
Autochek,SUPPdhEUw,Mercedes-Benz GLC 300,mercedes-benz,glc,2016,29500000.0,,,0,59407.0,foreign,,automatic,petrol,True,3.5999999046325684,False,https://autochek.africa/ng/car/SUPPdhEUw
Autochek,Ih1uC66Sd,Mercedes-Benz GLC 300,mercedes-benz,glc,2017,26500000.0,,,0,110011.0,foreign,Lagos ,automatic,petrol,False,3,False,https://autochek.africa/ng/car/Ih1uC66Sd
Autochek,iBrn7lfon,Mercedes-Benz GLC 300,mercedes-benz,glc,2017,28000000.0,,,0,51190.0,local,Isolo,automatic,petrol,False,3,False,https://autochek.africa/ng/car/iBrn7lfon
Autochek,H02FWydhL,Mercedes-Benz GLC 300,mercedes-benz,glc,2017,32000000.0,,,0,3216.0,foreign,lekki,automatic,petrol,False,3,False,https://autochek.africa/ng/car/H02FWydhL
Autochek,CVBrIcO8S,Mercedes-Benz GLC 43 AMG,mercedes-benz,glc,2017,33000000.0,,,0,69000.0,local,Ogba,automatic,petrol,False,3,False,https://autochek.africa/ng/car/CVBrIcO8S
Autochek,Uy393_HP-,Mercedes-Benz GLC 300,mercedes-benz,glc,2018,24000000.0,31215000.0,23.1,5,74520.0,foreign,lekki,automatic,petrol,False,3,False,https://autochek.africa/ng/car/Uy393_HP-
Autochek,ZpsenE2t_,Mercedes-Benz GLC 43 AMG,mercedes-benz,glc,2018,60000000.0,27662000.0,-116.9,5,50000.0,foreign,,automatic,petrol,False,3,False,https://autochek.africa/ng/car/ZpsenE2t_
Autochek,6EwVTwzNZ,Mercedes-Benz GLC 300,mercedes-benz,glc,2019,27000000.0,,,0,106754.0,foreign,Gwarimpa ,automatic,petrol,False,3,False,https://autochek.africa/ng/car/6EwVTwzNZ
Autochek,0qdRHS_v_,Mercedes-Benz GLC 300,mercedes-benz,glc,2019,55000000.0,,,0,4000.0,foreign,,automatic,petrol,True,4.400000095367432,False,https://autochek.africa/ng/car/0qdRHS_v_
Autochek,2F8L5NQ1x,Mercedes-Benz GLC 300,mercedes-benz,glc,2020,44999999488.0,,,0,1335.0,foreign,"Ikate, Lekki",automatic,petrol,False,3,False,https://autochek.africa/ng/car/2F8L5NQ1x
Autochek,3VD5rVtzF,Mercedes-Benz GLC 300,mercedes-benz,glc,2021,50000000.0,,,0,10000.0,foreign,,automatic,petrol,False,3,False,https://autochek.africa/ng/cars-for-sale/glc-300/mercedes-benz/3VD5rVtzF
Autochek,ydmTUPZC6,Mercedes-Benz GLC 300,mercedes-benz,glc,2021,52000000.0,,,0,95235.0,local,Lagos,automatic,petrol,True,3.200000047683716,False,https://autochek.africa/ng/car/ydmTUPZC6
Autochek,6Y-g7lVmH,Mercedes-Benz GLC-Class,mercedes-benz,glc-class,2016,17500000.0,,,0,85000.0,local,Abule egba ,automatic,petrol,True,3.4000000953674316,False,https://autochek.africa/ng/car/6Y-g7lVmH
Autochek,VRYGPBz0l,Mercedes-Benz GLC-Class,mercedes-benz,glc-class,2017,21000000.0,,,0,6200.0,foreign,,automatic,petrol,False,3,False,https://autochek.africa/ng/cars-for-sale/mercedes-benz/glc-300/VRYGPBz0l
Autochek,r6HW7G352,Mercedes-Benz GLC-Class,mercedes-benz,glc-class,2017,23000000.0,,,0,3000.0,local,"Aguda, Surulere",automatic,petrol,False,3,False,https://autochek.africa/ng/car/r6HW7G352
Autochek,QVhX_HH-z,Mercedes-Benz GLC-Class,mercedes-benz,glc-class,2017,35000000.0,,,0,100875.0,foreign,Gwarinpa,automatic,petrol,False,3,False,https://autochek.africa/ng/car/QVhX_HH-z
Autochek,8uLG9hcFU,Mercedes-Benz GLC-Class,mercedes-benz,glc-class,2018,25000000.0,31517000.0,20.7,6,125000.0,foreign,Alimosho,automatic,petrol,False,3,False,https://autochek.africa/ng/car/8uLG9hcFU
Autochek,8NniN6DvK,Mercedes-Benz GLC-Class,mercedes-benz,glc-class,2018,30000000.0,32845000.0,8.7,6,90134.0,foreign,,automatic,petrol,False,3.5999999046325684,False,https://autochek.africa/ng/cars-for-sale/mercedes-benz/glc-class/8NniN6DvK
Autochek,wlu1-O_c5,Mercedes-Benz GLC-Class,mercedes-benz,glc-class,2018,31000000.0,35538000.0,12.8,6,2026.0,foreign,Gwarinpa,automatic,petrol,False,3,False,https://autochek.africa/ng/car/wlu1-O_c5
Autochek,Vi5rwAkw4,Mercedes-Benz GLC-Class,mercedes-benz,glc-class,2019,37000000.0,,,0,125201.0,foreign,Oyo,automatic,petrol,True,2.5,False,https://autochek.africa/ng/car/Vi5rwAkw4
Autochek,vgOjQZ8ya,Mercedes-Benz GLC-Class,mercedes-benz,glc-class,2019,65000000.0,,,0,70000.0,foreign,Ago palace way,automatic,petrol,False,3,False,https://autochek.africa/ng/car/vgOjQZ8ya
Autochek,u2B_ZiGfv,Mercedes-Benz GLE 350,mercedes-benz,gle,2016,19900000.0,,,0,,local,Lagos,automatic,petrol,False,3,False,https://autochek.africa/ng/car/u2B_ZiGfv
Autochek,CCM5ReKz0,Mercedes-Benz GLE 350,mercedes-benz,gle,2016,24000000.0,47400000.0,49.4,9,88408.0,foreign,Ogba,automatic,petrol,True,4,False,https://autochek.africa/ng/car/CCM5ReKz0
Autochek,Agkzd0mHa,Mercedes-Benz GLE 350,mercedes-benz,gle,2016,33000000.0,45881000.0,28.1,9,120068.0,foreign,Gwarinpa,automatic,petrol,False,3,False,https://autochek.africa/ng/car/Agkzd0mHa
Autochek,NsriD0l4D,Mercedes-Benz GLE 400,mercedes-benz,gle,2016,40500000.0,47581000.0,14.9,9,84651.0,foreign,,automatic,petrol,True,4.099999904632568,False,https://autochek.africa/ng/car/NsriD0l4D
Autochek,gdIeIxEkO,Mercedes-Benz GLE 450,mercedes-benz,gle,2016,48000000.0,39930000.0,-20.2,9,90000.0,foreign,Berger,automatic,petrol,False,3,False,https://autochek.africa/ng/car/gdIeIxEkO
Autochek,IlS9h74QR,Mercedes-Benz GLE 450,mercedes-benz,gle,2016,56000000.0,43770000.0,-27.9,9,3900.0,foreign,,automatic,petrol,False,3,False,https://autochek.africa/ng/car/IlS9h74QR
Autochek,qcgTkhUnF,Mercedes-Benz GLE 63 AMG,mercedes-benz,gle,2016,57500000.0,43518000.0,-32.1,9,10134.0,foreign,Lagos ,automatic,petrol,False,3,False,https://autochek.africa/ng/car/qcgTkhUnF
Autochek,m5Pn03gs2,Mercedes-Benz GLE 350,mercedes-benz,gle,2017,39000000.0,44698000.0,12.7,14,74704.0,foreign,,automatic,petrol,True,3.9000000953674316,False,https://autochek.africa/ng/car/m5Pn03gs2
Autochek,ourigy-y7,Mercedes-Benz GLE 350,mercedes-benz,gle,2017,39000000.0,45791000.0,14.8,14,50000.0,foreign,,automatic,petrol,False,3,False,https://autochek.africa/ng/car/ourigy-y7
Autochek,qpWKdbs_L,Mercedes-Benz GLE 43 AMG,mercedes-benz,gle,2017,59000000.0,40861000.0,-44.4,14,75916.0,foreign,Surulere,automatic,petrol,False,3,False,https://autochek.africa/ng/car/qpWKdbs_L
Autochek,hcCxnoi-w,Mercedes-Benz GLE 43 AMG,mercedes-benz,gle,2017,64000000.0,39277000.0,-62.9,14,112299.0,foreign,Lagos,automatic,petrol,True,4.400000095367432,False,https://autochek.africa/ng/car/hcCxnoi-w
Autochek,lr98leEXF,Mercedes-Benz GLE 350,mercedes-benz,gle,2018,23000000.0,,,0,79824.0,local,,automatic,petrol,False,3,False,https://autochek.africa/ng/car/lr98leEXF
Autochek,OyOW-ei42,Mercedes-Benz GLE 43 AMG,mercedes-benz,gle,2018,35500000.0,,,0,84887.0,local,,automatic,petrol,True,4.199999809265137,False,https://autochek.africa/ng/car/OyOW-ei42
Autochek,9Gp7vq2Qq,Mercedes-Benz GLE 43 AMG,mercedes-benz,gle,2018,35500000.0,40721000.0,12.8,9,79549.0,foreign,,automatic,electric,False,3,False,https://autochek.africa/ng/car/9Gp7vq2Qq
Autochek,vl9oCwYBH,Mercedes-Benz GLE 400,mercedes-benz,gle,2018,40000000.0,39717000.0,-0.7,9,98888.0,foreign,,automatic,petrol,True,2.4000000953674316,False,https://autochek.africa/ng/car/vl9oCwYBH
Autochek,E41cOaDHd,Mercedes-Benz GLE 350,mercedes-benz,gle,2018,40500000.0,39643000.0,-2.2,9,88481.0,foreign,,automatic,petrol,True,2.4000000953674316,False,https://autochek.africa/ng/car/E41cOaDHd
Autochek,36TbMAwyi,Mercedes-Benz GLE 43 AMG,mercedes-benz,gle,2018,50000000.0,39782000.0,-25.7,9,85000.0,foreign,Ogba,automatic,petrol,False,3,False,https://autochek.africa/ng/car/36TbMAwyi
Autochek,2DTsGKrbv,Mercedes-Benz GLE 43 AMG,mercedes-benz,gle,2018,62000000.0,,,0,78248.0,local,Ago,automatic,petrol,False,3,False,https://autochek.africa/ng/car/2DTsGKrbv
Autochek,j8gMbi-u1,Mercedes-Benz GLE 43 AMG,mercedes-benz,gle,2018,75000000.0,41539000.0,-80.6,9,46525.0,foreign,abuja,automatic,petrol,False,3,False,https://autochek.africa/ng/car/j8gMbi-u1
Autochek,nBwFbFt_I,Mercedes-Benz GLE 350,mercedes-benz,gle,2019,35000000.0,43930000.0,20.3,6,111451.0,foreign,CBD,automatic,petrol,False,3,False,https://autochek.africa/ng/car/nBwFbFt_I
Autochek,_2PMOnRhU,Mercedes-Benz GLE 43 AMG,mercedes-benz,gle,2019,49500000.0,59468000.0,16.8,8,76000.0,local,Gwarimpa ,automatic,petrol,False,3,False,https://autochek.africa/ng/car/_2PMOnRhU
Autochek,ey8vsCUZH,Mercedes-Benz GLE 350,mercedes-benz,gle,2019,68000000.0,59732000.0,-13.8,8,8268.0,local,Lagos ,automatic,petrol,False,3,False,https://autochek.africa/ng/car/ey8vsCUZH
Autochek,jSoNd2K8a,Mercedes-Benz GLE 350,mercedes-benz,gle,2020,55000000.0,65532000.0,16.1,5,112299.0,local,Lagos,automatic,petrol,True,3.200000047683716,False,https://autochek.africa/ng/car/jSoNd2K8a
Autochek,1RQVd5JQl,Mercedes-Benz GLE 350,mercedes-benz,gle,2020,56000000.0,,,0,50000.0,foreign,,automatic,petrol,False,3,False,https://autochek.africa/ng/cars-for-sale/mercedes-benz/gle-350/1RQVd5JQl
Autochek,IdRciYZ5J,Mercedes-Benz GLE 350,mercedes-benz,gle,2020,56500000.0,69202000.0,18.4,5,61867.0,local,"Ikota, Lekki",automatic,petrol,False,3,False,https://autochek.africa/ng/car/IdRciYZ5J
Autochek,dT--B5KWw,Mercedes-Benz GLE 350,mercedes-benz,gle,2020,90000000.0,56299000.0,-59.9,5,79549.0,local,,automatic,petrol,False,3,False,https://autochek.africa/ng/car/dT--B5KWw
Autochek,omoX_hTRr,Mercedes-Benz GLE 450,mercedes-benz,gle,2020,93000000.0,55158000.0,-68.6,5,99754.0,local,Gwarinpa,automatic,petrol,False,3,False,https://autochek.africa/ng/car/omoX_hTRr
Autochek,6OkMfo08h,Mercedes-Benz GLE 350,mercedes-benz,gle,2021,70000000.0,,,0,,foreign,Lagos,automatic,petrol,False,3,False,https://autochek.africa/ng/car/6OkMfo08h
Autochek,biHHPN-RA,Mercedes-Benz GLE 350,mercedes-benz,gle,2021,80000000.0,,,0,50000.0,foreign,,automatic,petrol,False,3,False,https://autochek.africa/ng/car/biHHPN-RA
Autochek,g5-wnZzjR,Mercedes-Benz GLE 350,mercedes-benz,gle,2021,95000000.0,,,0,7000.0,foreign,,automatic,petrol,False,3,False,https://autochek.africa/ng/car/g5-wnZzjR
Autochek,FjHeGDFso,Mercedes-Benz GLE 53 AMG,mercedes-benz,gle,2024,130000000.0,,,0,120000.0,foreign,ikeja,automatic,petrol,False,3,False,https://autochek.africa/ng/car/FjHeGDFso
Autochek,OrHUpcfiP,Mercedes-Benz GLE-Class,mercedes-benz,gle-class,2016,25000000.0,,,0,97757.0,local,Lagos,automatic,petrol,True,3.299999952316284,False,https://autochek.africa/ng/car/OrHUpcfiP
Autochek,slwYZwH5w,Mercedes-Benz GLE-Class,mercedes-benz,gle-class,2016,30000000.0,45466000.0,34.0,16,122022.0,foreign,Gwarinpa,automatic,petrol,False,3,False,https://autochek.africa/ng/car/slwYZwH5w
Autochek,BdyaUCnaN,Mercedes-Benz GLE-Class,mercedes-benz,gle-class,2016,33000000.0,49015000.0,32.7,16,50000.0,foreign,,automatic,petrol,False,3,False,https://autochek.africa/ng/car/BdyaUCnaN
Autochek,mox9udQO2,Mercedes-Benz Gle-class,mercedes-benz,gle-class,2016,33000000.0,51027000.0,35.3,16,7200.0,foreign,,automatic,petrol,False,3,False,https://autochek.africa/ng/car/mox9udQO2
Autochek,cx6qjJdJt,Mercedes-Benz GLE-Class,mercedes-benz,gle-class,2016,36000000.0,47370000.0,24.0,16,85000.0,foreign,ikeja,automatic,petrol,False,3,False,https://autochek.africa/ng/car/cx6qjJdJt
Autochek,dP3MdYzyJ,Mercedes-Benz GLE-Class,mercedes-benz,gle-class,2016,40000000.0,45839000.0,12.7,16,114083.0,foreign,Eti Osa,automatic,petrol,True,2.4000000953674316,False,https://autochek.africa/ng/car/dP3MdYzyJ
Autochek,9Zj1VmcVx,Mercedes-Benz GLE-Class,mercedes-benz,gle-class,2016,48000000.0,42070000.0,-14.1,16,111000.0,foreign,,automatic,petrol,False,3,False,https://autochek.africa/ng/car/9Zj1VmcVx
Autochek,EKEsMiq3g,Mercedes-Benz GLE-Class,mercedes-benz,gle-class,2016,56000000.0,43167000.0,-29.7,16,89000.0,foreign,,automatic,petrol,False,3,False,https://autochek.africa/ng/car/EKEsMiq3g
Autochek,tEbPQzTP2,Mercedes-Benz GLE-Class,mercedes-benz,gle-class,2016,69000000.0,41447000.0,-66.5,16,125494.0,foreign,Surulere,automatic,petrol,True,3.799999952316284,False,https://autochek.africa/ng/cars-for-sale/gle-63/mercedes-benz/tEbPQzTP2
Autochek,gItvIQD42,Mercedes-Benz GLE-Class,mercedes-benz,gle-class,2016,69000000.0,42650000.0,-61.8,16,97517.0,foreign,Ogudu,automatic,petrol,False,3,False,https://autochek.africa/ng/car/gItvIQD42
Autochek,D0vmTtKmQ,Mercedes-Benz GLE-Class,mercedes-benz,gle-class,2017,29000000.0,,,0,76261.0,local,Lagos,automatic,petrol,False,3,False,https://autochek.africa/ng/car/D0vmTtKmQ
Autochek,_P5z1LSZ6,Mercedes-Benz GLE-Class,mercedes-benz,gle-class,2017,32000000.0,46432000.0,31.1,19,80379.0,foreign,,automatic,petrol,False,3,False,https://autochek.africa/ng/car/_P5z1LSZ6
Autochek,vZSARemVQ,Mercedes-Benz GLE-Class,mercedes-benz,gle-class,2017,33000000.0,43372000.0,23.9,19,146134.0,foreign,Amuwo-Odofin,automatic,petrol,False,3,False,https://autochek.africa/ng/car/vZSARemVQ
Autochek,1RNGzB1Rx,Mercedes-Benz GLE-Class,mercedes-benz,gle-class,2017,35000000.0,45040000.0,22.3,19,109876.0,foreign,Gwarimpa ,automatic,petrol,False,3,False,https://autochek.africa/ng/car/1RNGzB1Rx
Autochek,WJ5zE83az,Mercedes-Benz GLE-Class,mercedes-benz,gle-class,2017,36000000.0,,,0,18383.0,local,,automatic,petrol,False,3,False,https://autochek.africa/ng/car/WJ5zE83az
Autochek,e6Pq-bWM-,Mercedes-Benz GLE-Class,mercedes-benz,gle-class,2017,46000000.0,46774000.0,1.7,19,2000.0,foreign,"Aguda, Surulere",automatic,petrol,False,3,False,https://autochek.africa/ng/car/e6Pq-bWM-
Autochek,wKdy0lDL0,Mercedes-Benz GLE-Class,mercedes-benz,gle-class,2017,53000000.0,42699000.0,-24.1,19,95989.0,foreign,Surulere,automatic,petrol,True,2.5,False,https://autochek.africa/ng/car/wKdy0lDL0
Autochek,HV3cuwNCX,Mercedes-Benz GLE-Class,mercedes-benz,gle-class,2017,62000000.0,44467000.0,-39.4,19,55645.0,foreign,Lekki,automatic,petrol,False,3,False,https://autochek.africa/ng/cars-for-sale/mercedes-benz/gle-43-amg/HV3cuwNCX
Autochek,JzZrsid_s,Mercedes-Benz GLE-Class,mercedes-benz,gle-class,2017,69000000.0,42967000.0,-60.6,19,89760.0,foreign,,automatic,petrol,False,3,False,https://autochek.africa/ng/car/JzZrsid_s
Autochek,XPlGhGDLZ,Mercedes-Benz GLE-Class,mercedes-benz,gle-class,2017,90000000.0,46430000.0,-93.8,19,10000.0,foreign,,automatic,petrol,False,3,False,https://autochek.africa/ng/cars-for-sale/gle-class/mercedes-benz/XPlGhGDLZ
Autochek,qLjyWPQMe,Mercedes-Benz GLE-Class,mercedes-benz,gle-class,2018,27000000.0,,,0,,local,"Ikota, Lekki",automatic,petrol,False,3,False,https://autochek.africa/ng/car/qLjyWPQMe
Autochek,kBxsRw3Ly,Mercedes-Benz GLE-Class,mercedes-benz,gle-class,2018,43000000.0,54519000.0,21.1,15,50000.0,foreign,,automatic,petrol,False,3,False,https://autochek.africa/ng/cars-for-sale/mercedes-benz/gle-43-amg/kBxsRw3Ly
Autochek,ZyWP77Ec-,Mercedes-Benz GLE-Class,mercedes-benz,gle-class,2018,43000000.0,53618000.0,19.8,15,67000.0,foreign,Abule egba ,automatic,petrol,False,3,False,https://autochek.africa/ng/car/ZyWP77Ec-
Autochek,fO9_wR31w,Mercedes-Benz GLE-Class,mercedes-benz,gle-class,2018,62000000.0,47730000.0,-29.9,15,112402.0,foreign,Lagos ,automatic,petrol,False,4.099999904632568,False,https://autochek.africa/ng/cars-for-sale/mercedes-benz/gle-class/fO9_wR31w
Autochek,Xdf3D9G_A,Mercedes-Benz GLE-Class,mercedes-benz,gle-class,2018,95000000.0,,,0,10000.0,local,Lagos,automatic,petrol,False,3,False,https://autochek.africa/ng/cars-for-sale/mercedes-benz/gle-43-amg/Xdf3D9G_A
Autochek,AaNQKMUM4,Mercedes-Benz GLE-Class,mercedes-benz,gle-class,2019,40000000.0,62067000.0,35.6,15,78654.0,foreign,Gwarimpa ,automatic,petrol,False,3,False,https://autochek.africa/ng/car/AaNQKMUM4
Autochek,YNInBVzLb,Mercedes-Benz GLE-Class,mercedes-benz,gle-class,2019,50000000.0,67120000.0,25.5,15,10000.0,foreign,Lagos ,automatic,petrol,False,3,False,https://autochek.africa/ng/car/YNInBVzLb
Autochek,83tgf4VRw,Mercedes-Benz GLE-Class,mercedes-benz,gle-class,2019,57000000.0,64193000.0,11.2,15,56088.0,foreign,,automatic,petrol,True,4,False,https://autochek.africa/ng/car/83tgf4VRw
Autochek,lzu3AxgR4,Mercedes-Benz GLE-Class,mercedes-benz,gle-class,2019,62000000.0,59823000.0,-3.6,15,113998.0,foreign,lekki,automatic,petrol,False,2.5,False,https://autochek.africa/ng/cars-for-sale/mercedes-benz/gle-43-amg/lzu3AxgR4
Autochek,uVhhZC4Kf,Mercedes-Benz GLE-Class,mercedes-benz,gle-class,2019,63500000.0,64553000.0,1.6,15,42355.0,foreign,Lekki,automatic,petrol,True,2.700000047683716,False,https://autochek.africa/ng/car/uVhhZC4Kf
Autochek,9yiUMAWIN,Mercedes-Benz GLE-Class,mercedes-benz,gle-class,2020,47000000.0,,,0,58487.0,local,,automatic,petrol,False,2.5,False,https://autochek.africa/ng/cars-for-sale/mercedes-benz/gle-class/9yiUMAWIN
Autochek,MoF_8mMdP,Mercedes-Benz GLE-Class,mercedes-benz,gle-class,2020,63000000.0,86139000.0,26.9,18,50000.0,foreign,,automatic,petrol,False,3,False,https://autochek.africa/ng/cars-for-sale/mercedes-benz/gle-class/MoF_8mMdP
Autochek,stjG6JSCZ,Mercedes-Benz GLE-Class,mercedes-benz,gle-class,2020,67000000.0,83205000.0,19.5,18,75000.0,foreign,,automatic,petrol,False,3,False,https://autochek.africa/ng/car/stjG6JSCZ
Autochek,KxkSYQPc0,Mercedes-Benz GLE-Class,mercedes-benz,gle-class,2020,68000000.0,89539000.0,24.1,18,10000.0,foreign,Lagos ,automatic,petrol,False,3,False,https://autochek.africa/ng/car/KxkSYQPc0
Autochek,krA8TRSWA,Mercedes-Benz GLE-Class,mercedes-benz,gle-class,2020,73000000.0,,,0,50000.0,local,,automatic,petrol,False,3,False,https://autochek.africa/ng/cars-for-sale/mercedes-benz/gle-450/krA8TRSWA
Autochek,MLw_YRf4N,Mercedes-Benz GLE-Class,mercedes-benz,gle-class,2020,80000000.0,88283000.0,9.4,18,6114.0,foreign,,automatic,petrol,True,4.400000095367432,False,https://autochek.africa/ng/car/MLw_YRf4N
Autochek,kynYrA09u,Mercedes-Benz GLE-Class,mercedes-benz,gle-class,2020,90000000.0,72603000.0,-24.0,18,128994.0,foreign,Wuse,automatic,petrol,True,4.199999809265137,False,https://autochek.africa/ng/car/kynYrA09u
Autochek,PNZck5KTe,Mercedes-Benz GLE-Class,mercedes-benz,gle-class,2020,93000000.0,76615000.0,-21.4,18,77896.0,foreign,,automatic,petrol,False,3,False,https://autochek.africa/ng/car/PNZck5KTe
Autochek,T8NsLELyK,Mercedes-Benz GLE-Class,mercedes-benz,gle-class,2020,98000000.0,74535000.0,-31.5,18,104388.0,foreign,Gwarimpa ,automatic,petrol,False,3,False,https://autochek.africa/ng/cars-for-sale/mercedes-benz/gle-450/T8NsLELyK
Autochek,KOyej7NQA,Mercedes-Benz GLE-Class,mercedes-benz,gle-class,2020,145000000.0,79421000.0,-82.6,18,51668.0,foreign,Lagos,automatic,petrol,False,4.300000190734863,False,https://autochek.africa/ng/cars-for-sale/mercedes-benz/gle-class/KOyej7NQA
Autochek,cGTFtqj3m,Mercedes-Benz GLE-Class,mercedes-benz,gle-class,2021,77000000.0,92210000.0,16.5,16,70713.0,foreign,,automatic,petrol,True,4.199999809265137,False,https://autochek.africa/ng/car/cGTFtqj3m
Autochek,TG8w51bmm,Mercedes-Benz GLE-Class,mercedes-benz,gle-class,2021,90000000.0,79900000.0,-12.6,16,683207.0,foreign,Lekki,automatic,petrol,True,2.299999952316284,False,https://autochek.africa/ng/car/TG8w51bmm
Autochek,cu8o8y5tg,Mercedes-Benz GLE-Class,mercedes-benz,gle-class,2021,95000000.0,95958000.0,1.0,16,4000.0,foreign,"Admiralty, Lekki",automatic,petrol,True,4.400000095367432,False,https://autochek.africa/ng/car/cu8o8y5tg
Autochek,Dgtat-vDe,Mercedes-Benz GLE-Class,mercedes-benz,gle-class,2021,128000000.0,85156000.0,-50.3,16,120998.0,foreign,Gwarinpa,automatic,petrol,False,3,False,https://autochek.africa/ng/car/Dgtat-vDe
Autochek,Vkp7C9UGJ,Mercedes-Benz GLE-Class,mercedes-benz,gle-class,2021,148000000.0,92441000.0,-60.1,16,42435.0,foreign,,automatic,petrol,False,4.199999809265137,False,https://autochek.africa/ng/cars-for-sale/mercedes-benz/gle-class/Vkp7C9UGJ
Autochek,bM_eRiuqk,Mercedes-Benz GLE-Class,mercedes-benz,gle-class,2021,155000000.0,93143000.0,-66.4,16,34756.0,foreign,abuja,automatic,petrol,True,4.300000190734863,False,https://autochek.africa/ng/car/bM_eRiuqk
Autochek,WS2in7Mzx,Mercedes-Benz GLE-Class,mercedes-benz,gle-class,2022,75000000.0,136581000.0,45.1,8,52717.0,foreign,,automatic,petrol,True,4.099999904632568,False,https://autochek.africa/ng/car/WS2in7Mzx
Autochek,HcMNYFInG,Mercedes-Benz GLE-Class,mercedes-benz,gle-class,2022,150000000.0,111500000.0,-34.5,8,,foreign,Idimu,automatic,petrol,False,3,False,https://autochek.africa/ng/car/HcMNYFInG
Autochek,FGoKuri67,Mercedes-Benz GLE-Class,mercedes-benz,gle-class,2022,175000000.0,116263000.0,-50.5,8,10000.0,foreign,Lagos ,automatic,petrol,False,3,False,https://autochek.africa/ng/car/FGoKuri67
Autochek,aMlv6qnoY,Mercedes-Benz GLE-Class,mercedes-benz,gle-class,2024,180000000.0,,,0,4000.0,foreign,"Admiralty, Lekki",automatic,petrol,True,4.400000095367432,False,https://autochek.africa/ng/car/aMlv6qnoY
Autochek,xLe_Rqjr5,Mercedes-Benz GLE-Class,mercedes-benz,gle-class,2024,195000000.0,,,0,5234.0,foreign,Gwarinpa,automatic,petrol,False,3,False,https://autochek.africa/ng/car/xLe_Rqjr5
Autochek,qk2--RbxW,Mercedes-Benz GLK 350,mercedes-benz,glk 350,2010,9500000.0,,,0,5708.0,local,Kubuwa Expressway,automatic,petrol,False,3,False,https://autochek.africa/ng/car/qk2--RbxW
Autochek,IiuDmN19e,Mercedes-Benz GLK 350,mercedes-benz,glk 350,2010,14000000.0,,,0,112944.0,foreign,Ago palace way,automatic,petrol,False,3,False,https://autochek.africa/ng/car/IiuDmN19e
Autochek,jz9hb8CTm,Mercedes-Benz GLK 350,mercedes-benz,glk 350,2011,14500000.0,,,0,150205.0,foreign,Kubuwa Expressway,automatic,petrol,False,3,False,https://autochek.africa/ng/car/jz9hb8CTm
Autochek,oDK3w7bXP,Mercedes-Benz GLK 350,mercedes-benz,glk 350,2012,12000000.0,,,0,86901.0,local,Gwarinpa,automatic,petrol,False,3,False,https://autochek.africa/ng/car/oDK3w7bXP
Autochek,ITYZ70LWf,Mercedes-Benz GLK 350,mercedes-benz,glk 350,2012,13700000.0,18025000.0,24.0,5,100675.0,foreign,Gwarinpa,automatic,petrol,False,3,False,https://autochek.africa/ng/car/ITYZ70LWf
Autochek,9qUqKKUpQ,Mercedes-Benz GLK 350,mercedes-benz,glk 350,2012,15000000.0,18975000.0,20.9,5,75000.0,foreign,,automatic,petrol,False,3,False,https://autochek.africa/ng/car/9qUqKKUpQ
Autochek,J0gWOHcag,Mercedes-Benz GLK 350,mercedes-benz,glk 350,2013,13500000.0,,,0,45000.0,local,Gwarimpa ,automatic,petrol,False,3,False,https://autochek.africa/ng/cars-for-sale/glk-350/mercedes-benz/J0gWOHcag
Autochek,JtZ66oSZg,Mercedes-Benz GLK 350,mercedes-benz,glk 350,2013,18500000.0,17362000.0,-6.6,7,153191.0,foreign,Gwarinpa,automatic,petrol,False,3,False,https://autochek.africa/ng/car/JtZ66oSZg
Autochek,rpvHdjaJm,Mercedes-Benz GLK 350,mercedes-benz,glk 350,2013,19000000.0,19493000.0,2.5,7,21345.0,foreign,lekki,automatic,petrol,False,3,False,https://autochek.africa/ng/car/rpvHdjaJm
Autochek,ZLAMj6kK3,Mercedes-Benz GLK 350,mercedes-benz,glk 350,2013,22000000.0,18998000.0,-15.8,7,48056.0,foreign,,automatic,petrol,False,3,False,https://autochek.africa/ng/car/ZLAMj6kK3
Autochek,bmKxrThs8,Mercedes-Benz GLK 350,mercedes-benz,glk 350,2014,18000000.0,19961000.0,9.8,6,150205.0,foreign,Kubuwa Expressway,automatic,petrol,False,3,False,https://autochek.africa/ng/car/bmKxrThs8
Autochek,idQP53jF5,Mercedes-Benz GLK 350,mercedes-benz,glk 350,2014,22000000.0,21159000.0,-4.0,6,67003.0,foreign,Jahi,automatic,petrol,False,3,False,https://autochek.africa/ng/car/idQP53jF5
Autochek,1Dk0mrxKv,Mercedes-Benz GLK 350,mercedes-benz,glk 350,2014,22500000.0,21741000.0,-3.5,6,48056.0,foreign,,automatic,petrol,False,3,False,https://autochek.africa/ng/car/1Dk0mrxKv
Autochek,bSgM37wRF,Mercedes-Benz GLK 350,mercedes-benz,glk 350,2015,25000000.0,,,0,168013.0,foreign,Gwarinpa,automatic,petrol,False,3,False,https://autochek.africa/ng/car/bSgM37wRF
Autochek,a99CtIrNZ,Mercedes-Benz GLK-Class,mercedes-benz,glk-class,2010,12500000.0,,,0,89000.0,foreign,Ogba,automatic,petrol,False,3,False,https://autochek.africa/ng/car/a99CtIrNZ
Autochek,Rqb8qL8Et,Mercedes-Benz GLK-Class,mercedes-benz,glk-class,2010,13500000.0,,,0,,foreign,Lagos,automatic,petrol,False,3,False,https://autochek.africa/ng/car/Rqb8qL8Et
Autochek,ITvFEZKmu,Mercedes-Benz GLK-Class,mercedes-benz,glk-class,2010,16000000.0,,,0,150000.0,foreign,Ikorodu Road,automatic,petrol,False,3,False,https://autochek.africa/ng/car/ITvFEZKmu
Autochek,uD-YeEhcg,Mercedes-Benz GLK-Class,mercedes-benz,glk-class,2010,16500000.0,,,0,,foreign,Idimu,automatic,petrol,False,3,False,https://autochek.africa/ng/car/uD-YeEhcg
Autochek,G7PQOpP9g,Mercedes-Benz GLK-Class,mercedes-benz,glk-class,2012,7500000.0,,,0,247458.0,local,Abuja,automatic,petrol,True,3.299999952316284,False,https://autochek.africa/ng/car/G7PQOpP9g
Autochek,zdPbtPBWp,Mercedes-Benz GLK-Class,mercedes-benz,glk-class,2012,10000000.0,,,0,161889.0,local,Gwarinpa,automatic,petrol,False,3,False,https://autochek.africa/ng/car/zdPbtPBWp
Autochek,rsUXRk9RI,Mercedes-Benz GLK-Class,mercedes-benz,glk-class,2013,13200000.0,,,0,188222.0,local,,automatic,petrol,False,3.5,False,https://autochek.africa/ng/cars-for-sale/mercedes-benz/glk-350/rsUXRk9RI
Autochek,wEAm1pgHh,Mercedes-Benz GLK-Class,mercedes-benz,glk-class,2013,18000000.0,,,0,243587.0,foreign,"Aguda, Surulere",automatic,petrol,False,3,False,https://autochek.africa/ng/car/wEAm1pgHh
Autochek,7LmUzwTsM,Mercedes-Benz GLK-Class,mercedes-benz,glk-class,2013,18000000.0,,,0,27600.0,foreign,Gwarimpa ,automatic,petrol,False,3,False,https://autochek.africa/ng/car/7LmUzwTsM
Autochek,XZHpE30Zj,Mercedes-Benz GLK-Class,mercedes-benz,glk-class,2013,25000000.0,,,0,149651.0,foreign,Amuwo-Odofin,automatic,petrol,False,3,False,https://autochek.africa/ng/car/XZHpE30Zj
Autochek,bbfpAEuQP,Mercedes-Benz GLK-Class,mercedes-benz,glk-class,2014,11500000.0,,,0,112144.0,local,Gwarinpa,automatic,petrol,False,3,False,https://autochek.africa/ng/car/bbfpAEuQP
Autochek,wtEGdouX9,Mercedes-Benz GLK-Class,mercedes-benz,glk-class,2014,18000000.0,18249000.0,1.4,5,89798.0,foreign,Gwarinpa,automatic,petrol,False,3,False,https://autochek.africa/ng/car/wtEGdouX9
Autochek,eoBF17pAe,Mercedes-Benz GLK-Class,mercedes-benz,glk-class,2014,18500000.0,18000000.0,-2.8,5,103643.0,foreign,ojodu berger,automatic,petrol,False,3,False,https://autochek.africa/ng/car/eoBF17pAe
Autochek,0TQWXxI9c,Mercedes-Benz GLK-Class,mercedes-benz,glk-class,2015,14500000.0,,,0,79549.0,local,,automatic,petrol,False,3,False,https://autochek.africa/ng/cars-for-sale/mercedes-benz/glk-class/0TQWXxI9c
Autochek,l0DlSyNFt,Mercedes-Benz GLK-Class,mercedes-benz,glk-class,2015,15000000.0,,,0,103643.0,foreign,Okota,automatic,petrol,False,3,False,https://autochek.africa/ng/car/l0DlSyNFt
Autochek,tt7sB9c3c,Mercedes-Benz GLK-Class,mercedes-benz,glk-class,2015,23000000.0,,,0,50000.0,local,,automatic,petrol,False,3,False,https://autochek.africa/ng/cars-for-sale/mercedes-benz/glk-350/tt7sB9c3c
Autochek,kGaEo6mLb,Mercedes-Benz GLS 450,mercedes-benz,gls,2017,46000000.0,,,0,46000.0,foreign,Surulere,automatic,petrol,False,3,False,https://autochek.africa/ng/car/kGaEo6mLb
Autochek,LuuXSMR9l,Mercedes-Benz ML 350,mercedes-benz,ml,2012,16500000.0,,,0,185665.0,foreign,CBD,automatic,petrol,False,3,False,https://autochek.africa/ng/car/LuuXSMR9l
Autochek,u0YsOZVMJ,Mercedes-Benz ML 350,mercedes-benz,ml,2012,23500000.0,,,0,180212.0,foreign,Isolo,automatic,petrol,False,3,False,https://autochek.africa/ng/car/u0YsOZVMJ
Autochek,qlajhbjuK,Mercedes-Benz ML 350,mercedes-benz,ml,2012,30000000.0,,,0,50000.0,foreign,,automatic,petrol,False,3,False,https://autochek.africa/ng/car/qlajhbjuK
Autochek,tSzwyra84,Mercedes-Benz ML 350,mercedes-benz,ml,2013,20000000.0,25128000.0,20.4,5,126660.0,foreign,Gwarinpa,automatic,petrol,False,3,False,https://autochek.africa/ng/car/tSzwyra84
Autochek,3KFKQw1uV,Mercedes-Benz ML 350,mercedes-benz,ml,2014,25700000.0,,,0,104388.0,foreign,Gwarimpa ,automatic,petrol,False,3,False,https://autochek.africa/ng/car/3KFKQw1uV
Autochek,7vwCSiI3h,Mercedes-Benz ML 350,mercedes-benz,ml,2014,28000000.0,,,0,62000.0,foreign,,automatic,petrol,False,3,False,https://autochek.africa/ng/car/7vwCSiI3h
Autochek,fmJXbcyep,Mercedes-Benz ML-Class,mercedes-benz,ml-class,2012,12000000.0,,,0,50000.0,local,,automatic,petrol,False,3,False,https://autochek.africa/ng/car/fmJXbcyep
Autochek,Dc0xTJhiC,Mercedes-Benz ML-Class,mercedes-benz,ml-class,2012,16000000.0,,,0,122000.0,local,Kubwa,automatic,petrol,False,3,False,https://autochek.africa/ng/car/Dc0xTJhiC
Autochek,1cVmjoaoB,Mercedes-Benz ML-Class,mercedes-benz,ml-class,2012,21000000.0,,,0,135000.0,foreign,,automatic,petrol,False,3,False,https://autochek.africa/ng/car/1cVmjoaoB
Autochek,adDHsqbWv,Mercedes-Benz ML-Class,mercedes-benz,ml-class,2012,23000000.0,,,0,1200.0,foreign,,automatic,petrol,False,3,False,https://autochek.africa/ng/car/adDHsqbWv
Autochek,5Jed32u7_,Mercedes-Benz ML-Class,mercedes-benz,ml-class,2013,15000000.0,14025000.0,-7.0,6,251438.0,local,,automatic,petrol,False,2.299999952316284,False,https://autochek.africa/ng/cars-for-sale/mercedes-benz/ml-class/5Jed32u7_
Autochek,Fdn4lfQWY,Mercedes-Benz ML-Class,mercedes-benz,ml-class,2013,27000000.0,22000000.0,-22.7,5,73622.0,foreign,,automatic,petrol,True,3.9000000953674316,False,https://autochek.africa/ng/car/Fdn4lfQWY
Autochek,tkzh3JpL_,Mercedes-Benz ML-Class,mercedes-benz,ml-class,2014,15000000.0,18841000.0,20.4,6,167164.0,local,,automatic,petrol,True,2.5999999046325684,False,https://autochek.africa/ng/car/tkzh3JpL_
Autochek,014MQ19Q6,Mercedes-Benz ML-Class,mercedes-benz,ml-class,2014,17000000.0,23747000.0,28.4,6,1200.0,local,Lagos,automatic,petrol,True,3.4000000953674316,False,https://autochek.africa/ng/car/014MQ19Q6
Autochek,nYRGYsqfA,Mercedes-Benz ML-Class,mercedes-benz,ml-class,2014,18000000.0,23145000.0,22.2,8,115991.0,foreign,Amuwo-Odofin,automatic,petrol,False,3,False,https://autochek.africa/ng/car/nYRGYsqfA
Autochek,bY-W4l7Xv,Mercedes-Benz ML-Class,mercedes-benz,ml-class,2014,22000000.0,26062000.0,15.6,8,1000.0,foreign,Lagos,automatic,petrol,True,4.400000095367432,False,https://autochek.africa/ng/car/bY-W4l7Xv
Autochek,Z4Ak99kle,Mercedes-Benz ML-Class,mercedes-benz,ml-class,2014,25000000.0,15908000.0,-57.1,6,134430.0,local,Bwari,automatic,petrol,True,4.300000190734863,False,https://autochek.africa/ng/car/Z4Ak99kle
Autochek,zH5QS_7MJ,Mercedes-Benz ML-Class,mercedes-benz,ml-class,2014,27000000.0,23000000.0,-17.4,8,,foreign,,automatic,petrol,False,3,False,https://autochek.africa/ng/cars-for-sale/mercedes-benz/ml-350/zH5QS_7MJ
Autochek,c3S30wdWz,Mercedes-Benz ML-Class,mercedes-benz,ml-class,2014,38000000.0,19175000.0,-98.2,6,10000.0,local,Lagos,automatic,petrol,False,3,False,https://autochek.africa/ng/cars-for-sale/mercedes-benz/ml-350/c3S30wdWz
Autochek,4SFcFx5sO,Mercedes-Benz ML-Class,mercedes-benz,ml-class,2015,18000000.0,22773000.0,21.0,7,134779.0,foreign,Amuwo-Odofin,automatic,petrol,False,3,False,https://autochek.africa/ng/car/4SFcFx5sO
Autochek,hK3P-IWgK,Mercedes-Benz ML-Class,mercedes-benz,ml-class,2015,18000000.0,23326000.0,22.8,5,76970.0,local,Isolo,automatic,petrol,True,4,False,https://autochek.africa/ng/car/hK3P-IWgK
Autochek,hedi3IeY0,Mercedes-Benz ML-Class,mercedes-benz,ml-class,2015,22000000.0,23055000.0,4.6,7,123000.0,foreign,Ago,automatic,petrol,False,3,False,https://autochek.africa/ng/car/hedi3IeY0
Autochek,afVZz2UIA,Mercedes-Benz ML-Class,mercedes-benz,ml-class,2015,24000000.0,24144000.0,0.6,7,4000.0,foreign,Lekki,automatic,petrol,False,3,False,https://autochek.africa/ng/cars-for-sale/mercedes-benz/ml-350/afVZz2UIA
Autochek,Nql45OGas,Mercedes-Benz ML-Class,mercedes-benz,ml-class,2015,24000000.0,22248000.0,-7.9,7,86901.0,foreign,Gwarinpa,automatic,petrol,False,3,False,https://autochek.africa/ng/car/Nql45OGas
Autochek,Pdi2xYmT_,Mercedes-Benz ML-Class,mercedes-benz,ml-class,2015,30000000.0,22463000.0,-33.6,7,80379.0,foreign,,automatic,petrol,False,3,False,https://autochek.africa/ng/car/Pdi2xYmT_
Autochek,izFK9GLW_,Mercedes-Benz ML-Class,mercedes-benz,ml-class,2015,50000000.0,19205000.0,-160.3,5,10000.0,local,Lagos ,automatic,petrol,False,3,False,https://autochek.africa/ng/car/izFK9GLW_
Autochek,9GRlsA7dK,Mercedes-Benz S-Class,mercedes-benz,s-class,2014,50000000.0,,,0,10000.0,foreign,Lagos ,automatic,petrol,False,3,False,https://autochek.africa/ng/car/9GRlsA7dK
Autochek,XidNdJNc1,Mercedes-Benz S-Class,mercedes-benz,s-class,2017,68500000.0,,,0,86737.0,foreign,CBD,automatic,petrol,False,3,False,https://autochek.africa/ng/car/XidNdJNc1
Autochek,11-wWmiRE,Mercedes-Benz S-Class,mercedes-benz,s-class,2021,200000000.0,,,0,109388.0,foreign,Gwarimpa ,automatic,petrol,False,3,False,https://autochek.africa/ng/car/11-wWmiRE
Autochek,aBwzeaZhm,Mercedes-Benz V 250,mercedes-benz,v,2017,90000000.0,,,0,17722.0,foreign,Lagos ,automatic,petrol,False,3,False,https://autochek.africa/ng/cars-for-sale/mercedes-benz/v-250/aBwzeaZhm
Autochek,UCJe_rkCV,Mercedes-Benz v class,mercedes-benz,v,2018,43000000.0,,,0,10000.0,foreign,Lagos ,automatic,petrol,False,3,False,https://autochek.africa/ng/cars-for-sale/mercedes-benz/v-class/UCJe_rkCV
Autochek,8a_YCIFkj,Mercedes-Benz V 250,mercedes-benz,v,2018,66000000.0,,,0,10771.0,local,,automatic,petrol,True,3.799999952316284,False,https://autochek.africa/ng/car/8a_YCIFkj
Autochek,iXKHMdxly,MINI Cooper,mini,cooper,2017,20000000.0,,,0,50000.0,foreign,Yaba,automatic,petrol,False,3,False,https://autochek.africa/ng/car/iXKHMdxly
Autochek,z-fT-J9aC,MINI Hardtop,mini,hardtop,2019,32000000.0,,,0,84857.0,foreign,Garki 2,automatic,petrol,False,3,False,https://autochek.africa/ng/car/z-fT-J9aC
Autochek,NCnpekmxy,Mitsubishi Mirage G4,mitsubishi,mirage,2017,10000000.0,,,0,85000.0,foreign,Ifako Agege,automatic,petrol,False,3,False,https://autochek.africa/ng/car/NCnpekmxy
Autochek,qK5j1ANsF,Nissan Altima,nissan,altima,2019,13700000.0,,,0,54518.0,foreign,Ikosi Ketu,automatic,petrol,False,3,False,https://autochek.africa/ng/car/qK5j1ANsF
Autochek,9sLIhUXr5,Nissan Rogue,nissan,rogue,2012,25000000.0,,,0,59689.0,foreign,,automatic,petrol,False,3,False,https://autochek.africa/ng/car/9sLIhUXr5
Autochek,J8DKy28DZ,Nissan Rogue,nissan,rogue,2013,6000000.0,,,0,19800.0,local,Abule Egba,automatic,petrol,False,3,False,https://autochek.africa/ng/car/J8DKy28DZ
Autochek,hVyp9HTW5,Nissan Sentra,nissan,sentra,2017,11000000.0,,,0,67794.0,foreign,,automatic,petrol,True,4.199999809265137,False,https://autochek.africa/ng/cars-for-sale/sentra/nissan/hVyp9HTW5
Autochek,6hXtNANAs,Peugeot 307,peugeot,307,2008,3000000.0,,,0,93438.0,local,,automatic,petrol,False,3,False,https://autochek.africa/ng/car/6hXtNANAs
Carlots,i13903,Pontiac Vibe 2004,pontiac,vibe,2004,3700000.0,,,0,,,,,,False,,False,https://carlots.ng/pontiac-vibe-2004_i13903.html
Autochek,RhNCqTbS2,Pontiac Vibe,pontiac,vibe,2009,6500000.0,,,0,164912.0,local,Gwarinpa,manual,petrol,False,3,False,https://autochek.africa/ng/car/RhNCqTbS2
Autochek,kpExpXEcb,Pontiac Vibe,pontiac,vibe,2010,9500000.0,,,0,129816.0,foreign,ikeja,automatic,petrol,False,3,False,https://autochek.africa/ng/car/kpExpXEcb
Autochek,GLkgi0m_c,Tesla Cybertruck,tesla,cybertruck,2024,160000000.0,,,0,7200.0,foreign,,automatic,electric,False,3,False,https://autochek.africa/ng/car/GLkgi0m_c
Autochek,f77lrjeb0,Tesla Model Y,tesla,model,2021,45000000.0,,,0,125000.0,foreign,Katampe,automatic,electric,False,3,False,https://autochek.africa/ng/car/f77lrjeb0
Autochek,6_noiRpi1,Tesla Model Y,tesla,model,2024,90000000.0,,,0,1234.0,local,,automatic,electric,False,3,False,https://autochek.africa/ng/car/6_noiRpi1
Autochek,927Yg-Cwf,TOYOTA 4-Runner,toyota,4-runner,2018,55000000.0,,,0,55000.0,foreign,Gwarinpa,automatic,petrol,False,3,False,https://autochek.africa/ng/car/927Yg-Cwf
Autochek,_9M9Bl7hz,TOYOTA 4Runner,toyota,4runner,2015,28000000.0,,,0,98635.0,foreign,Surulere,automatic,petrol,False,3,False,https://autochek.africa/ng/cars-for-sale/toyota/4-runner/_9M9Bl7hz
Autochek,2cFno_QW0,TOYOTA 4Runner,toyota,4runner,2016,37000000.0,,,0,32145.0,foreign,,automatic,petrol,False,3,False,https://autochek.africa/ng/car/2cFno_QW0
Autochek,7GozrC82k,TOYOTA 4Runner,toyota,4runner,2017,38000000.0,,,0,112944.0,foreign,Ago,automatic,petrol,False,3,False,https://autochek.africa/ng/car/7GozrC82k
Autochek,D4qQ0ucAc,TOYOTA Avalon,toyota,avalon,2011,8000000.0,,,0,168013.0,local,Gwarinpa,automatic,petrol,False,3,False,https://autochek.africa/ng/car/D4qQ0ucAc
Autochek,ZGaWtbGol,TOYOTA Avalon,toyota,avalon,2013,15000000.0,,,0,7200.0,foreign,,automatic,petrol,False,3,False,https://autochek.africa/ng/car/ZGaWtbGol
Autochek,yPYN1eg1b,TOYOTA Avalon,toyota,avalon,2013,18500000.0,,,0,63000.0,foreign,,automatic,petrol,False,3,False,https://autochek.africa/ng/car/yPYN1eg1b
Autochek,2wdJwAUvW,TOYOTA Avalon,toyota,avalon,2014,10000000.0,,,0,150000.0,local,Katempe ,automatic,petrol,False,3,False,https://autochek.africa/ng/car/2wdJwAUvW
Autochek,Jv0hi613m,TOYOTA Avalon,toyota,avalon,2014,16000000.0,18500000.0,13.5,5,1200.0,foreign,Lagos,automatic,petrol,True,4.400000095367432,False,https://autochek.africa/ng/car/Jv0hi613m
Autochek,EPIjfQALn,TOYOTA Avalon,toyota,avalon,2014,16500000.0,18500000.0,10.8,5,99866.0,foreign,Isolo,automatic,petrol,False,3,False,https://autochek.africa/ng/car/EPIjfQALn
Carlots,i19070,2014 Toyota Avalon XLE Foreign Used,toyota,avalon,2014,22900000.0,16250000.0,-40.9,6,,,,,,False,,False,https://carlots.ng/2014-toyota-avalon-xle-foreign-used_i19070.html
Autochek,HWUEVZTjC,TOYOTA Avalon,toyota,avalon,2015,20000000.0,,,0,104388.0,foreign,Gwarimpa ,automatic,petrol,False,3,False,https://autochek.africa/ng/car/HWUEVZTjC
Autochek,qaCyttlwT,TOYOTA Avalon,toyota,avalon,2016,22000000.0,,,0,,foreign,Idimu,automatic,petrol,False,3,False,https://autochek.africa/ng/car/qaCyttlwT
Autochek,LEqISe1L8,TOYOTA Avalon,toyota,avalon,2017,28000000.0,,,0,168013.0,foreign,,automatic,petrol,False,3,False,https://autochek.africa/ng/car/LEqISe1L8
Autochek,c6oKfhjA_,TOYOTA Avalon,toyota,avalon,2019,35000000.0,,,0,10000.0,foreign,Abule-Egba/Aboru/Meiran/Alagbado,automatic,petrol,True,4.400000095367432,False,https://autochek.africa/ng/car/c6oKfhjA_
Autochek,QT8w0w8CA,TOYOTA Avalon,toyota,avalon,2019,38500000.0,,,0,45109.0,foreign,abuja,automatic,petrol,False,3,False,https://autochek.africa/ng/car/QT8w0w8CA
Autochek,c5pMgrfGe,TOYOTA Avalon,toyota,avalon,2021,40000000.0,,,0,112299.0,foreign,"Admiralty, Lekki",automatic,petrol,True,4.199999809265137,False,https://autochek.africa/ng/car/c5pMgrfGe
Autochek,xTBV8R3OW,TOYOTA C-HR,toyota,c-hr,2017,30000000.0,,,0,67768.0,foreign,abuja,automatic,petrol,False,3,False,https://autochek.africa/ng/car/xTBV8R3OW
Autochek,NWYK8dN66,TOYOTA C-HR,toyota,c-hr,2018,26000000.0,,,0,12838.0,foreign,,cvt,petrol,False,3,False,https://autochek.africa/ng/car/NWYK8dN66
Autochek,2tlHGJ68Z,TOYOTA Camry,toyota,camry,2002,3300000.0,,,0,96700.0,local,Nyanya,automatic,petrol,False,3,False,https://autochek.africa/ng/car/2tlHGJ68Z
Autochek,Oa5NBUwnV,TOYOTA Camry,toyota,camry,2007,4400000.0,6039000.0,27.1,21,120000.0,local,Asokoro,automatic,petrol,False,3,False,https://autochek.africa/ng/car/Oa5NBUwnV
Autochek,IlzeJZiML,TOYOTA Camry,toyota,camry,2007,5500000.0,6039000.0,8.9,21,120000.0,local,Kubwa,automatic,petrol,False,3,False,https://autochek.africa/ng/car/IlzeJZiML
Autochek,yQKZiAHyc,TOYOTA Camry,toyota,camry,2007,5500000.0,6459000.0,14.8,21,50000.0,local,,automatic,petrol,False,3,False,https://autochek.africa/ng/car/yQKZiAHyc
Autochek,3O10Q8SHV,TOYOTA Camry,toyota,camry,2007,5500000.0,5312000.0,-3.5,21,234672.0,local,abuja,automatic,petrol,True,3,False,https://autochek.africa/ng/car/3O10Q8SHV
Autochek,MObxnVRkz,TOYOTA Camry,toyota,camry,2007,5500000.0,6000000.0,8.3,21,,local,Lagos,automatic,petrol,False,3,False,https://autochek.africa/ng/car/MObxnVRkz
Autochek,EzSUQHECS,TOYOTA Camry,toyota,camry,2007,5800000.0,5772000.0,-0.5,21,158000.0,local,,automatic,petrol,False,3,False,https://autochek.africa/ng/car/EzSUQHECS
Autochek,SrvE_aqSM,TOYOTA Camry,toyota,camry,2007,6000000.0,6715000.0,10.7,21,7200.0,local,,automatic,petrol,False,3,False,https://autochek.africa/ng/car/SrvE_aqSM
Autochek,HMVUYPg9B,TOYOTA Camry,toyota,camry,2007,6000000.0,6039000.0,0.6,21,120000.0,local,Gwarinpa,automatic,petrol,False,3,False,https://autochek.africa/ng/car/HMVUYPg9B
Autochek,mFsbMwSMj,TOYOTA Camry,toyota,camry,2007,6000000.0,5427000.0,-10.5,21,215427.0,local,Lagos ,automatic,petrol,False,3,False,https://autochek.africa/ng/car/mFsbMwSMj
Autochek,-MEkw_c6j,TOYOTA Camry,toyota,camry,2007,6000000.0,6279000.0,4.4,21,80000.0,local,Gwarinpa,automatic,petrol,False,3,False,https://autochek.africa/ng/car/-MEkw_c6j
Autochek,pK3DJ1OBB,TOYOTA Camry,toyota,camry,2007,6000000.0,6715000.0,10.7,21,7200.0,local,,automatic,petrol,False,3,False,https://autochek.africa/ng/car/pK3DJ1OBB
Autochek,Kvzc315Wq,TOYOTA Camry,toyota,camry,2007,6200000.0,6117000.0,-1.4,21,107000.0,local,Lagos ,automatic,petrol,False,3,False,https://autochek.africa/ng/cars-for-sale/toyota/camry/Kvzc315Wq
Autochek,yr48mCmJW,TOYOTA Camry,toyota,camry,2007,6500000.0,5532000.0,-17.5,21,198000.0,local,Abule Egba,automatic,petrol,False,3,False,https://autochek.africa/ng/car/yr48mCmJW
Autochek,svYNcMdDE,TOYOTA Camry,toyota,camry,2007,6500000.0,5800000.0,-12.1,21,153254.0,local,,automatic,petrol,True,2.299999952316284,False,https://autochek.africa/ng/car/svYNcMdDE
Autochek,kerAfOR6E,TOYOTA Camry,toyota,camry,2007,6500000.0,5579000.0,-16.5,21,190170.0,local,,automatic,petrol,True,3.5999999046325684,False,https://autochek.africa/ng/car/kerAfOR6E
Autochek,tvnoVo8LH,TOYOTA Camry,toyota,camry,2007,6500000.0,6460000.0,-0.6,21,49750.0,local,ikeja,automatic,petrol,False,3,False,https://autochek.africa/ng/car/tvnoVo8LH
Autochek,uQfd3zwEX,TOYOTA Camry,toyota,camry,2007,6800000.0,5481000.0,-24.1,21,206515.0,local,,automatic,petrol,True,3.799999952316284,False,https://autochek.africa/ng/car/uQfd3zwEX
Autochek,94bedXZN0,TOYOTA Camry,toyota,camry,2007,7000000.0,5923000.0,-18.2,21,132838.0,local,Lagos,automatic,petrol,True,2.5,False,https://autochek.africa/ng/car/94bedXZN0
Autochek,NI1DsqsFR,TOYOTA Camry,toyota,camry,2007,8600000.0,8375000.0,-2.7,10,210136.0,foreign,,automatic,petrol,True,3.700000047683716,False,https://autochek.africa/ng/cars-for-sale/camry/toyota/NI1DsqsFR
Autochek,AHyjD90gJ,TOYOTA Camry,toyota,camry,2007,9000000.0,8744000.0,-2.9,10,169549.0,foreign,,automatic,petrol,True,3.799999952316284,False,https://autochek.africa/ng/car/AHyjD90gJ
Autochek,cC7yy3NFa,TOYOTA Camry,toyota,camry,2007,9800000.0,8735000.0,-12.2,10,159871.0,foreign,Ikeja ,automatic,petrol,False,3,False,https://autochek.africa/ng/car/cC7yy3NFa
Autochek,l0jhmXrzc,TOYOTA Camry,toyota,camry,2008,5500000.0,5306000.0,-3.7,36,268699.0,local,,automatic,petrol,False,3,False,https://autochek.africa/ng/car/l0jhmXrzc
Autochek,4e3A_L3eS,TOYOTA Camry,toyota,camry,2008,5700000.0,9719000.0,41.4,17,80000.0,foreign,,automatic,petrol,False,3,False,https://autochek.africa/ng/car/4e3A_L3eS
Autochek,dlccyFBb7,TOYOTA Camry,toyota,camry,2008,5800000.0,5804000.0,0.1,36,187710.0,local,,automatic,petrol,True,2.299999952316284,False,https://autochek.africa/ng/car/dlccyFBb7
Autochek,1jq5D1KII,TOYOTA Camry,toyota,camry,2008,5800000.0,6434000.0,9.9,36,86655.0,local,Egbeda,automatic,petrol,True,3,False,https://autochek.africa/ng/car/1jq5D1KII
Autochek,9otiMjsbl,TOYOTA Camry,toyota,camry,2008,6000000.0,6475000.0,7.3,36,80000.0,local,Agege,automatic,petrol,False,3,False,https://autochek.africa/ng/car/9otiMjsbl
Autochek,-mKKW2jnx,TOYOTA Camry,toyota,camry,2008,7854000.0,8471000.0,7.3,17,205918.0,foreign,Alimosho,automatic,petrol,True,3.5,False,https://autochek.africa/ng/car/-mKKW2jnx
Autochek,O3fkylqZl,TOYOTA Camry,toyota,camry,2008,8000000.0,10470000.0,23.6,17,1000.0,foreign,Ipaja,automatic,petrol,False,3,False,https://autochek.africa/ng/car/O3fkylqZl
Autochek,Ox5C8Rxh5,TOYOTA Camry,toyota,camry,2008,9000000.0,9189000.0,2.1,17,130429.0,foreign,,automatic,petrol,True,4,False,https://autochek.africa/ng/car/Ox5C8Rxh5
Autochek,aj-Gpn_fF,TOYOTA Camry,toyota,camry,2008,9200000.0,9567000.0,3.8,17,96000.0,foreign,Ikorodu Road,automatic,petrol,False,3,False,https://autochek.africa/ng/car/aj-Gpn_fF
Autochek,h7XFEv-Cv,TOYOTA Camry,toyota,camry,2008,9700000.0,9200000.0,-5.4,17,,foreign,Idimu,automatic,petrol,False,3,False,https://autochek.africa/ng/car/h7XFEv-Cv
Autochek,zk8y1Eanc,TOYOTA Camry,toyota,camry,2008,10500000.0,8608000.0,-22.0,17,161971.0,foreign,Lagos,automatic,petrol,True,2.700000047683716,False,https://autochek.africa/ng/car/zk8y1Eanc
Autochek,LMeHWCQxc,TOYOTA Camry,toyota,camry,2008,10500000.0,10056000.0,-4.4,17,10000.0,foreign,Lagos ,automatic,petrol,False,3,False,https://autochek.africa/ng/car/LMeHWCQxc
Autochek,_sfvsa7RB,TOYOTA Camry,toyota,camry,2009,5400000.0,6069000.0,11.0,31,187643.0,local,Lagos ,automatic,petrol,False,3,False,https://autochek.africa/ng/car/_sfvsa7RB
Autochek,kNrJbmnqa,TOYOTA Camry,toyota,camry,2009,5600000.0,5525000.0,-1.4,31,999999.0,local,Lagos ,automatic,petrol,True,2.299999952316284,False,https://autochek.africa/ng/car/kNrJbmnqa
Autochek,7ZNkFpXCF,TOYOTA Camry,toyota,camry,2009,6000000.0,6261000.0,4.2,31,158000.0,local,,automatic,petrol,False,3,False,https://autochek.africa/ng/cars-for-sale/toyota/camry/7ZNkFpXCF
Autochek,isSGrQkDj,TOYOTA Camry,toyota,camry,2009,6100000.0,6623000.0,7.9,31,106327.0,local,Bwari,automatic,petrol,True,2.5,False,https://autochek.africa/ng/car/isSGrQkDj
Autochek,2rkmtp-mF,TOYOTA Camry,toyota,camry,2009,6200000.0,5722000.0,-8.4,31,240965.0,local,,automatic,petrol,False,3,False,https://autochek.africa/ng/car/2rkmtp-mF
Autochek,ZnRgJpKwX,TOYOTA Camry,toyota,camry,2009,6500000.0,6151000.0,-5.7,31,174957.0,local,Agege,automatic,petrol,True,2.299999952316284,False,https://autochek.africa/ng/car/ZnRgJpKwX
Autochek,BDRlsba3W,TOYOTA Camry,toyota,camry,2009,6500000.0,5722000.0,-13.6,31,240934.0,local,,automatic,petrol,False,3,False,https://autochek.africa/ng/car/BDRlsba3W
Autochek,FPD4Qj8ff,TOYOTA Camry,toyota,camry,2009,6500000.0,6526000.0,0.4,31,121285.0,local,Aguda,manual,petrol,True,3,False,https://autochek.africa/ng/car/FPD4Qj8ff
Autochek,xP3AONLh6,TOYOTA Camry,toyota,camry,2009,6600000.0,6131000.0,-7.6,31,178006.0,local,,automatic,petrol,False,3.5999999046325684,False,https://autochek.africa/ng/cars-for-sale/camry/toyota/xP3AONLh6
Autochek,iG9EbTvPS,TOYOTA Camry,toyota,camry,2009,6800000.0,6434000.0,-5.7,31,131437.0,local,,manual,petrol,True,2.5,False,https://autochek.africa/ng/car/iG9EbTvPS
Autochek,em7bJig6C,TOYOTA Camry,toyota,camry,2009,7000000.0,6474000.0,-8.1,31,125250.0,local,Ikeja,automatic,petrol,False,3,False,https://autochek.africa/ng/car/em7bJig6C
Autochek,esCq_Pki4,TOYOTA Camry,toyota,camry,2009,7300000.0,7121000.0,-2.5,31,29710.0,local,Ikeja,automatic,petrol,False,3,False,https://autochek.africa/ng/car/esCq_Pki4
Autochek,jECvqx_nh,TOYOTA Camry,toyota,camry,2009,8500000.0,10454000.0,18.7,20,7000.0,foreign,,automatic,petrol,False,3,False,https://autochek.africa/ng/car/jECvqx_nh
Autochek,Zc44R10OP,TOYOTA Camry,toyota,camry,2009,9000000.0,8160000.0,-10.3,20,274983.0,foreign,,automatic,petrol,True,3.799999952316284,False,https://autochek.africa/ng/car/Zc44R10OP
Autochek,xHu5ewaX0,TOYOTA Camry,toyota,camry,2009,9200000.0,7210000.0,-27.6,31,16000.0,local,,automatic,petrol,False,3,False,https://autochek.africa/ng/car/xHu5ewaX0
Autochek,znH-Hq46n,TOYOTA Camry,toyota,camry,2009,9500000.0,9998000.0,5.0,20,54518.0,foreign,Ikosi Ketu,automatic,petrol,False,3,False,https://autochek.africa/ng/car/znH-Hq46n
Autochek,1hP1eJMO7,TOYOTA Camry,toyota,camry,2009,9500000.0,9501000.0,0.0,20,99308.0,foreign,Idimu,automatic,petrol,True,3.4000000953674316,False,https://autochek.africa/ng/car/1hP1eJMO7
Autochek,vxrYpa2To,TOYOTA Camry,toyota,camry,2009,9800000.0,9566000.0,-2.4,20,89000.0,foreign,Agege,automatic,petrol,False,3,False,https://autochek.africa/ng/car/vxrYpa2To
Autochek,VfEU4LeVO,TOYOTA Camry,toyota,camry,2009,9800000.0,9331000.0,-5.0,20,106835.0,foreign,Abule Egba ,automatic,petrol,True,3.4000000953674316,False,https://autochek.africa/ng/car/VfEU4LeVO
Autochek,y4PC7-K-J,TOYOTA Camry,toyota,camry,2009,10000000.0,5525000.0,-81.0,31,700000.0,local,,automatic,petrol,False,3,False,https://autochek.africa/ng/car/y4PC7-K-J
Autochek,okv_T9op-,TOYOTA Camry,toyota,camry,2009,10500000.0,7267000.0,-44.5,31,7200.0,local,,automatic,petrol,False,3,False,https://autochek.africa/ng/car/okv_T9op-
Autochek,m4sIgZ3fZ,TOYOTA Camry,toyota,camry,2009,11000000.0,10317000.0,-6.6,20,10000.0,foreign,,automatic,petrol,False,3,False,https://autochek.africa/ng/car/m4sIgZ3fZ
Autochek,imBh2gGBR,TOYOTA Camry,toyota,camry,2010,5500000.0,7533000.0,27.0,34,7200.0,local,,automatic,petrol,False,3,False,https://autochek.africa/ng/car/imBh2gGBR
Autochek,LHzUQmss4,TOYOTA Camry,toyota,camry,2010,6000000.0,6304000.0,4.8,34,180150.0,local,Lagos,automatic,petrol,True,2.200000047683716,False,https://autochek.africa/ng/car/LHzUQmss4
Autochek,0OyvnrUN4,TOYOTA Camry,toyota,camry,2010,6000000.0,6860000.0,12.5,34,107000.0,local,Lekki,automatic,petrol,False,3,False,https://autochek.africa/ng/car/0OyvnrUN4
Autochek,PE-4cYezh,TOYOTA Camry,toyota,camry,2010,6200000.0,6860000.0,9.6,34,107000.0,local,Yaba,automatic,petrol,False,3,False,https://autochek.africa/ng/cars-for-sale/camry/toyota/PE-4cYezh
Autochek,-gGCSlyyt,TOYOTA Camry,toyota,camry,2010,6500000.0,6457000.0,-0.7,34,157594.0,local,Gwarimpa ,automatic,petrol,True,3,False,https://autochek.africa/ng/car/-gGCSlyyt
Autochek,n0gfxuQXJ,TOYOTA Camry,toyota,camry,2010,6700000.0,7072000.0,5.3,34,75543.0,local,Gwarinpa,automatic,petrol,False,3,False,https://autochek.africa/ng/car/n0gfxuQXJ
Autochek,fRjNo21xr,TOYOTA Camry,toyota,camry,2010,6700000.0,7533000.0,11.1,34,7200.0,local,,automatic,petrol,False,3,False,https://autochek.africa/ng/car/fRjNo21xr
Autochek,TP4JhwzLL,TOYOTA Camry,toyota,camry,2010,6800000.0,6542000.0,-3.9,34,137714.0,local,,automatic,petrol,True,2.200000047683716,False,https://autochek.africa/ng/car/TP4JhwzLL
Autochek,7dsXyDTXc,TOYOTA Camry,toyota,camry,2010,7000000.0,6828000.0,-2.5,34,104180.0,local,,automatic,petrol,True,3.0999999046325684,False,https://autochek.africa/ng/car/7dsXyDTXc
Autochek,-slpZDS2Y,TOYOTA Camry,toyota,camry,2010,7200000.0,7020000.0,-2.6,34,75432.0,local,Gwarimpa ,automatic,petrol,False,3,False,https://autochek.africa/ng/car/-slpZDS2Y
Autochek,kAd7K5-p4,TOYOTA Camry,toyota,camry,2010,7800000.0,7478000.0,-4.3,34,7200.0,local,,automatic,petrol,False,3,False,https://autochek.africa/ng/car/kAd7K5-p4
Autochek,KBRNYpP5q,TOYOTA Camry,toyota,camry,2010,7800000.0,7478000.0,-4.3,34,7200.0,local,,automatic,petrol,False,3,False,https://autochek.africa/ng/car/KBRNYpP5q
Autochek,0dXzt-gqC,TOYOTA Camry,toyota,camry,2010,8000000.0,6520000.0,-22.7,34,140945.0,local,,automatic,petrol,True,3.4000000953674316,False,https://autochek.africa/ng/car/0dXzt-gqC
Autochek,bUVq5BqdT,TOYOTA Camry,toyota,camry,2010,8000000.0,10182000.0,21.4,26,50000.0,foreign,,automatic,petrol,False,3,False,https://autochek.africa/ng/car/bUVq5BqdT
Autochek,KldjCpbCP,TOYOTA Camry,toyota,camry,2010,9000000.0,8933000.0,-0.8,26,175855.0,foreign,Lagos,automatic,petrol,True,3.5,False,https://autochek.africa/ng/car/KldjCpbCP
Autochek,6Prtl9K8s,TOYOTA Camry,toyota,camry,2010,10000000.0,9342000.0,-7.0,26,124293.0,foreign,,automatic,petrol,True,2.299999952316284,False,https://autochek.africa/ng/car/6Prtl9K8s
Autochek,hLZuGEsjj,TOYOTA Camry,toyota,camry,2010,10800000.0,10272000.0,-5.1,26,30000.0,foreign,abuja,automatic,petrol,False,3,False,https://autochek.africa/ng/car/hLZuGEsjj
Autochek,luehdNGPX,TOYOTA Camry,toyota,camry,2010,10800000.0,8798000.0,-22.8,26,180321.0,foreign,Agege,automatic,petrol,True,3.5,False,https://autochek.africa/ng/car/luehdNGPX
Autochek,dih7RgdeU,TOYOTA Camry,toyota,camry,2010,11000000.0,9884000.0,-11.3,26,70000.0,foreign,Kubuwa Expressway,automatic,petrol,False,3,False,https://autochek.africa/ng/car/dih7RgdeU
Autochek,bzVeafFNs,TOYOTA Camry,toyota,camry,2011,6500000.0,7013000.0,7.3,25,136902.0,local,Egbeda,automatic,petrol,True,2.200000047683716,False,https://autochek.africa/ng/car/bzVeafFNs
Autochek,2cQRs4iX3,TOYOTA Camry,toyota,camry,2011,6500000.0,7652000.0,15.1,25,50000.0,local,,automatic,petrol,False,3,False,https://autochek.africa/ng/car/2cQRs4iX3
Autochek,s9BKiIYiq,TOYOTA Camry,toyota,camry,2011,7000000.0,7073000.0,1.0,25,128727.0,local,,automatic,petrol,True,2.4000000953674316,False,https://autochek.africa/ng/car/s9BKiIYiq
Autochek,WfsR5SoDo,TOYOTA Camry,toyota,camry,2011,7300000.0,6898000.0,-5.8,25,139512.0,local,,automatic,petrol,True,2.299999952316284,False,https://autochek.africa/ng/car/WfsR5SoDo
Autochek,9IPtnH0QZ,TOYOTA Camry,toyota,camry,2011,8000000.0,11370000.0,29.6,51,145437.0,foreign,Gwarinpa,automatic,petrol,True,2.5,False,https://autochek.africa/ng/car/9IPtnH0QZ
Autochek,YZtOO1Zmq,TOYOTA Camry,toyota,camry,2011,8000000.0,7855000.0,-1.8,25,7200.0,local,,automatic,petrol,False,3,False,https://autochek.africa/ng/car/YZtOO1Zmq
Autochek,Fg6WzZZfg,TOYOTA Camry,toyota,camry,2011,8800000.0,10735000.0,18.0,51,198388.0,foreign,Aja,automatic,petrol,True,4,False,https://autochek.africa/ng/car/Fg6WzZZfg
Autochek,mZoql-e9_,TOYOTA Camry,toyota,camry,2011,9000000.0,13146000.0,31.5,51,1004.0,foreign,,automatic,petrol,False,3,False,https://autochek.africa/ng/car/mZoql-e9_
Autochek,StVjNR5bO,TOYOTA Camry,toyota,camry,2011,9500000.0,13072000.0,27.3,51,7200.0,foreign,,automatic,petrol,False,3,False,https://autochek.africa/ng/car/StVjNR5bO
Autochek,RLgzqKJ1t,TOYOTA Camry,toyota,camry,2011,9500000.0,12043000.0,21.1,51,92935.0,foreign,Gowon Estate,automatic,petrol,False,3,False,https://autochek.africa/ng/car/RLgzqKJ1t
Autochek,Vr00ED2rQ,TOYOTA Camry,toyota,camry,2011,9500000.0,12000000.0,20.8,51,,foreign,abuja,automatic,petrol,False,3,False,https://autochek.africa/ng/car/Vr00ED2rQ
Autochek,5UQYuUIfa,TOYOTA Camry,toyota,camry,2011,9600000.0,12330000.0,22.1,51,69000.0,foreign,Agege,automatic,petrol,False,3,False,https://autochek.africa/ng/car/5UQYuUIfa
Autochek,_sOsboYug,TOYOTA Camry,toyota,camry,2011,10000000.0,7205000.0,-38.8,25,97569.0,local,,automatic,petrol,False,3,False,https://autochek.africa/ng/car/_sOsboYug
Autochek,jEnOGB4q-,TOYOTA Camry,toyota,camry,2011,10000000.0,13110000.0,23.7,51,4000.0,foreign,Egbeda,automatic,petrol,False,3,False,https://autochek.africa/ng/car/jEnOGB4q-
Autochek,yAALSwUvL,TOYOTA Camry,toyota,camry,2011,10000000.0,12133000.0,17.6,51,85448.0,foreign,Ogba,automatic,petrol,True,3.9000000953674316,False,https://autochek.africa/ng/car/yAALSwUvL
Autochek,d9SpmdPrT,TOYOTA Camry,toyota,camry,2011,10500000.0,11863000.0,11.5,51,104388.0,foreign,Gwarinpa,automatic,petrol,False,3,False,https://autochek.africa/ng/cars-for-sale/toyota/camry/d9SpmdPrT
Autochek,Dqbwd0iT0,TOYOTA Camry,toyota,camry,2011,10500000.0,11936000.0,12.0,51,98238.0,foreign,CBD,automatic,petrol,False,3,False,https://autochek.africa/ng/car/Dqbwd0iT0
Autochek,_Izj9s09U,TOYOTA Camry,toyota,camry,2011,10500000.0,10200000.0,-2.9,51,248538.0,foreign,,automatic,petrol,False,3,False,https://autochek.africa/ng/car/_Izj9s09U
Autochek,FZw3j2gmo,TOYOTA Camry,toyota,camry,2011,10800000.0,12737000.0,15.2,51,35121.0,foreign,,automatic,petrol,False,3,False,https://autochek.africa/ng/car/FZw3j2gmo
Autochek,eFHf9ocIV,TOYOTA Camry,toyota,camry,2011,11000000.0,7195000.0,-52.9,25,98237.0,local,Surulere,automatic,petrol,True,3,False,https://autochek.africa/ng/car/eFHf9ocIV
Autochek,cJa7Q6R9b,TOYOTA Camry,toyota,camry,2011,11200000.0,12110000.0,7.5,51,87361.0,foreign,Lagos,automatic,petrol,True,2.0999999046325684,False,https://autochek.africa/ng/car/cJa7Q6R9b
Autochek,2lnLrIOoq,TOYOTA Camry,toyota,camry,2012,8000000.0,8075000.0,0.9,17,245875.0,local,,automatic,petrol,False,3,False,https://autochek.africa/ng/car/2lnLrIOoq
Autochek,Yzo3x2EVM,TOYOTA Camry,toyota,camry,2012,8500000.0,10362000.0,18.0,17,7200.0,local,,automatic,petrol,False,3,False,https://autochek.africa/ng/car/Yzo3x2EVM
Autochek,eJVMErHeB,TOYOTA Camry,toyota,camry,2012,9000000.0,9201000.0,2.2,17,125250.0,local,Ikeja,automatic,petrol,False,3,False,https://autochek.africa/ng/car/eJVMErHeB
Autochek,KVk_tnhTu,TOYOTA Camry,toyota,camry,2012,9500000.0,9773000.0,2.8,17,12000.0,local,Gwarimpa ,automatic,petrol,False,3,False,https://autochek.africa/ng/car/KVk_tnhTu
Autochek,ekJR-onNc,TOYOTA Camry,toyota,camry,2012,10500000.0,12725000.0,17.5,59,102400.0,foreign,,automatic,petrol,True,4.099999904632568,False,https://autochek.africa/ng/car/ekJR-onNc
Autochek,gKAKnYfzB,TOYOTA Camry,toyota,camry,2012,11000000.0,12752000.0,13.7,59,100320.0,foreign,Lagos ,automatic,petrol,False,3,False,https://autochek.africa/ng/cars-for-sale/camry/toyota/gKAKnYfzB
Autochek,iSYrVaETR,TOYOTA Camry,toyota,camry,2012,11000000.0,13908000.0,20.9,59,10000.0,foreign,,automatic,petrol,False,3,False,https://autochek.africa/ng/cars-for-sale/toyota/camry/iSYrVaETR
Autochek,bhsk3R5b6,TOYOTA Camry,toyota,camry,2012,11000000.0,9661000.0,-13.9,17,24423.0,local,,automatic,petrol,False,3,False,https://autochek.africa/ng/car/bhsk3R5b6
Autochek,JR0xOURsb,TOYOTA Camry,toyota,camry,2012,11000000.0,12113000.0,9.2,59,150205.0,foreign,Gwarinpa,automatic,petrol,False,3,False,https://autochek.africa/ng/car/JR0xOURsb
Autochek,Hw5jA5ooC,TOYOTA Camry,toyota,camry,2012,11500000.0,12800000.0,10.2,59,,foreign,Alimosho,automatic,petrol,False,3,False,https://autochek.africa/ng/car/Hw5jA5ooC
Autochek,oEhCKW-FL,TOYOTA Camry,toyota,camry,2012,11800000.0,13484000.0,12.5,59,43122.0,foreign,,automatic,petrol,False,3,False,https://autochek.africa/ng/car/oEhCKW-FL
Autochek,KApztNHja,TOYOTA Camry,toyota,camry,2012,12000000.0,13908000.0,13.7,59,10000.0,foreign,,automatic,petrol,False,3,False,https://autochek.africa/ng/cars-for-sale/toyota/camry/KApztNHja
Autochek,FyKiElXjk,TOYOTA Camry,toyota,camry,2012,12000000.0,9816000.0,-22.2,17,7200.0,local,,automatic,petrol,False,3,False,https://autochek.africa/ng/car/FyKiElXjk
Autochek,D902McQ8T,TOYOTA Camry,toyota,camry,2012,12000000.0,12948000.0,7.3,59,85000.0,foreign,Gwarimpa ,automatic,petrol,False,3,False,https://autochek.africa/ng/car/D902McQ8T
Autochek,faI1IzruV,TOYOTA Camry,toyota,camry,2012,12500000.0,13944000.0,10.4,59,7200.0,foreign,,automatic,petrol,False,3,False,https://autochek.africa/ng/car/faI1IzruV
Autochek,LNImK4BO-,TOYOTA Camry,toyota,camry,2012,12500000.0,12799000.0,2.3,59,96582.0,foreign,Isolo,automatic,petrol,True,2.299999952316284,False,https://autochek.africa/ng/car/LNImK4BO-
Autochek,CDJxYKBqs,TOYOTA Camry,toyota,camry,2012,12500000.0,12709000.0,1.6,59,103643.0,foreign,Okota,automatic,petrol,False,3,False,https://autochek.africa/ng/car/CDJxYKBqs
Autochek,utfeZIzoK,TOYOTA Camry,toyota,camry,2012,12800000.0,13617000.0,6.0,59,7200.0,foreign,,automatic,petrol,False,3,False,https://autochek.africa/ng/car/utfeZIzoK
Autochek,sgQ4vc0hM,TOYOTA Camry,toyota,camry,2012,13000000.0,13582000.0,4.3,59,10000.0,foreign,,automatic,petrol,False,3,False,https://autochek.africa/ng/cars-for-sale/camry/toyota/sgQ4vc0hM
Autochek,D3wmF1ccm,TOYOTA Camry,toyota,camry,2012,13000000.0,13582000.0,4.3,59,10000.0,foreign,,automatic,petrol,False,3,False,https://autochek.africa/ng/cars-for-sale/toyota/camry/D3wmF1ccm
Autochek,AXkDRwpDq,TOYOTA Camry,toyota,camry,2012,13000000.0,12082000.0,-7.6,59,130000.0,foreign,Ikeja ,automatic,petrol,False,3,False,https://autochek.africa/ng/car/AXkDRwpDq
Autochek,ab_aCIocM,TOYOTA Camry,toyota,camry,2012,13500000.0,12130000.0,-11.3,59,126171.0,foreign,Gwarinpa,automatic,petrol,False,3,False,https://autochek.africa/ng/car/ab_aCIocM
Autochek,TibrC2Bjg,TOYOTA Camry,toyota,camry,2012,13500000.0,12490000.0,-8.1,59,97365.0,foreign,Surulere,automatic,petrol,True,2.299999952316284,False,https://autochek.africa/ng/car/TibrC2Bjg
Autochek,TY-Sdcvbg,TOYOTA Camry,toyota,camry,2012,13500000.0,12501000.0,-8.0,59,96540.0,foreign,,automatic,petrol,True,2.299999952316284,False,https://autochek.africa/ng/car/TY-Sdcvbg
Autochek,AqNHOBQku,TOYOTA Camry,toyota,camry,2012,13500000.0,11845000.0,-14.0,59,148967.0,foreign,Agege,automatic,petrol,True,4.099999904632568,False,https://autochek.africa/ng/car/AqNHOBQku
Autochek,vTUUfK9hy,TOYOTA Camry,toyota,camry,2012,13500000.0,13695000.0,1.4,59,1000.0,foreign,Lagos ,automatic,petrol,False,3,False,https://autochek.africa/ng/car/vTUUfK9hy
Autochek,3dR9mvr9w,TOYOTA Camry,toyota,camry,2012,13500000.0,11984000.0,-12.7,59,137860.0,foreign,Isolo,automatic,petrol,False,3,False,https://autochek.africa/ng/car/3dR9mvr9w
Autochek,a73m5e46p,TOYOTA Camry,toyota,camry,2012,13500000.0,12416000.0,-8.7,59,103230.0,foreign,Surulere,automatic,petrol,True,3.700000047683716,False,https://autochek.africa/ng/car/a73m5e46p
Autochek,HYRRUGD7k,TOYOTA Camry,toyota,camry,2012,14000000.0,12154000.0,-15.2,59,124222.0,foreign,Gwarinpa,automatic,petrol,False,3,False,https://autochek.africa/ng/car/HYRRUGD7k
Autochek,qsaIiuuLG,TOYOTA Camry,toyota,camry,2012,14000000.0,12332000.0,-13.5,59,110000.0,foreign,,automatic,petrol,False,3,False,https://autochek.africa/ng/car/qsaIiuuLG
Autochek,b3Zt_3a5P,TOYOTA Camry,toyota,camry,2012,14000000.0,12595000.0,-11.2,59,88980.0,foreign,Amuwo-Odofin,automatic,petrol,False,3,False,https://autochek.africa/ng/car/b3Zt_3a5P
Autochek,pjPOuuh9x,TOYOTA Camry,toyota,camry,2012,14000000.0,12306000.0,-13.8,59,112047.0,foreign,Amuwo-Odofin,automatic,petrol,False,3,False,https://autochek.africa/ng/car/pjPOuuh9x
Autochek,fm0z0FjlI,TOYOTA Camry,toyota,camry,2012,14500000.0,13670000.0,-6.1,59,3000.0,foreign,,automatic,petrol,False,3,False,https://autochek.africa/ng/car/fm0z0FjlI
Autochek,NPcu_-BKc,TOYOTA Camry,toyota,camry,2012,15000000.0,12610000.0,-18.9,59,87746.0,foreign,,automatic,petrol,True,4,False,https://autochek.africa/ng/car/NPcu_-BKc
Autochek,IywRFjdMX,TOYOTA Camry,toyota,camry,2012,15000000.0,11645000.0,-28.8,59,164912.0,foreign,Katampe Road,automatic,petrol,False,3,False,https://autochek.africa/ng/car/IywRFjdMX
Autochek,fhzitmwkH,TOYOTA Camry,toyota,camry,2012,15000000.0,12585000.0,-19.2,59,89765.0,foreign,Gwarimpa ,automatic,petrol,False,3,False,https://autochek.africa/ng/car/fhzitmwkH
Autochek,jXNoUZkI7,TOYOTA Camry,toyota,camry,2012,15200000.0,11232000.0,-35.3,59,198000.0,foreign,Abule Egba,automatic,petrol,False,3,False,https://autochek.africa/ng/car/jXNoUZkI7
Autochek,FS8XI4Hce,TOYOTA Camry,toyota,camry,2012,22000000.0,12961000.0,-69.7,59,59689.0,foreign,,automatic,petrol,False,3,False,https://autochek.africa/ng/car/FS8XI4Hce
Autochek,teojJHpcd,TOYOTA Camry,toyota,camry,2013,5500000.0,10500000.0,47.6,17,,local,Lagos,automatic,petrol,False,3,False,https://autochek.africa/ng/car/teojJHpcd
Autochek,55jhcvTEX,TOYOTA Camry,toyota,camry,2013,9000000.0,14172000.0,36.5,60,7200.0,foreign,,automatic,petrol,False,3,False,https://autochek.africa/ng/car/55jhcvTEX
Autochek,IbF6Oc_BW,TOYOTA Camry,toyota,camry,2013,9800000.0,10009000.0,2.1,17,90000.0,local,,automatic,petrol,False,3,False,https://autochek.africa/ng/car/IbF6Oc_BW
Autochek,NvjWgjcVw,TOYOTA Camry,toyota,camry,2013,10000000.0,14235000.0,29.8,60,2356.0,foreign,Lekki,automatic,petrol,False,3,False,https://autochek.africa/ng/car/NvjWgjcVw
Autochek,9jqny_5KY,TOYOTA Camry,toyota,camry,2013,10500000.0,9201000.0,-14.1,17,104388.0,local,Gwarinpa,automatic,petrol,False,3,False,https://autochek.africa/ng/car/9jqny_5KY
Autochek,gICoUcQZt,TOYOTA Camry,toyota,camry,2013,11800000.0,13109000.0,10.0,60,89000.0,foreign,Agege,automatic,petrol,False,3,False,https://autochek.africa/ng/car/gICoUcQZt
Autochek,CwcS6TJc2,TOYOTA Camry,toyota,camry,2013,12500000.0,12896000.0,3.1,60,105221.0,foreign,Isolo,automatic,petrol,True,4,False,https://autochek.africa/ng/car/CwcS6TJc2
Autochek,M38NhVGh4,TOYOTA Camry,toyota,camry,2013,12500000.0,10533000.0,-18.7,17,1234.0,local,,automatic,petrol,False,3,False,https://autochek.africa/ng/car/M38NhVGh4
Autochek,QNz_sc2dv,TOYOTA Camry,toyota,camry,2013,12500000.0,12963000.0,3.6,60,100000.0,foreign,Abule egba ,automatic,petrol,False,3,False,https://autochek.africa/ng/car/QNz_sc2dv
Autochek,umkqAbPd5,TOYOTA Camry,toyota,camry,2013,13000000.0,14250000.0,8.8,60,1234.0,foreign,,automatic,petrol,False,3,False,https://autochek.africa/ng/car/umkqAbPd5
Autochek,qrBF0vLQx,TOYOTA Camry,toyota,camry,2013,13000000.0,11131000.0,-16.8,60,240968.0,foreign,,automatic,petrol,False,3,False,https://autochek.africa/ng/car/qrBF0vLQx
Autochek,yqAt8NEMy,TOYOTA Camry,toyota,camry,2013,13000000.0,12313000.0,-5.6,60,150000.0,foreign,Alimosho,automatic,petrol,False,3,False,https://autochek.africa/ng/car/yqAt8NEMy
Autochek,1QT44xfG3,TOYOTA Camry,toyota,camry,2013,13000000.0,13356000.0,2.7,60,70000.0,foreign,Lagos ,automatic,petrol,False,3,False,https://autochek.africa/ng/car/1QT44xfG3
Autochek,0OxUh-pWE,TOYOTA Camry,toyota,camry,2013,13000000.0,12248000.0,-6.1,60,155000.0,foreign,Gwarinpa,automatic,petrol,False,3,False,https://autochek.africa/ng/car/0OxUh-pWE
Autochek,zOdyzUucS,TOYOTA Camry,toyota,camry,2013,13000000.0,8656000.0,-50.2,17,160000.0,local,Ikeja ,automatic,petrol,False,3,False,https://autochek.africa/ng/car/zOdyzUucS
Autochek,d9IG00tiV,TOYOTA Camry,toyota,camry,2013,13000000.0,13002000.0,0.0,60,97192.0,foreign,Abule Egba ,automatic,petrol,True,3.799999952316284,False,https://autochek.africa/ng/car/d9IG00tiV
Autochek,VKbEx0rmd,TOYOTA Camry,toyota,camry,2013,14400000.0,12313000.0,-16.9,60,150000.0,foreign,Ikorodu Road,automatic,petrol,False,3,False,https://autochek.africa/ng/car/VKbEx0rmd
Autochek,lbgWZ-rrl,TOYOTA Camry,toyota,camry,2013,14500000.0,12829000.0,-13.0,60,110333.0,foreign,,automatic,petrol,True,3.799999952316284,False,https://autochek.africa/ng/car/lbgWZ-rrl
Autochek,ZRavUpQQc,TOYOTA Camry,toyota,camry,2013,15000000.0,13099000.0,-14.5,60,89765.0,foreign,Gwarimpa ,automatic,petrol,False,3,False,https://autochek.africa/ng/car/ZRavUpQQc
Autochek,aa89Lv8Tz,TOYOTA Camry,toyota,camry,2014,7500000.0,13147000.0,43.0,14,5400.0,local,Gwarinpa,automatic,petrol,False,3,False,https://autochek.africa/ng/car/aa89Lv8Tz
Autochek,_2BECVnVj,TOYOTA Camry,toyota,camry,2014,9000000.0,13125000.0,31.4,14,7200.0,local,,automatic,petrol,False,3,False,https://autochek.africa/ng/car/_2BECVnVj
Autochek,ldb93eMYG,TOYOTA Camry,toyota,camry,2014,9500000.0,12466000.0,23.8,14,62132.0,local,ikeja,automatic,petrol,True,2.9000000953674316,False,https://autochek.africa/ng/car/ldb93eMYG
Autochek,IJsyLYgYt,TOYOTA Camry,toyota,camry,2014,11000000.0,12996000.0,15.4,39,103643.0,foreign,Okota,automatic,petrol,False,3,False,https://autochek.africa/ng/car/IJsyLYgYt
Autochek,78k_TblZA,TOYOTA Camry,toyota,camry,2014,11500000.0,13380000.0,14.1,39,74704.0,foreign,,automatic,petrol,True,2.5,False,https://autochek.africa/ng/car/78k_TblZA
Autochek,tBOsuF7Hm,TOYOTA Camry,toyota,camry,2014,11500000.0,11268000.0,-2.1,14,113944.0,local,,automatic,petrol,True,3.4000000953674316,False,https://autochek.africa/ng/car/tBOsuF7Hm
Autochek,LEGb4Ds-H,TOYOTA Camry,toyota,camry,2014,11500000.0,12835000.0,10.4,39,115755.0,foreign,Alimosho,automatic,petrol,True,2.5,False,https://autochek.africa/ng/car/LEGb4Ds-H
Autochek,8SWv41VPj,TOYOTA Camry,toyota,camry,2014,12000000.0,14338000.0,16.3,39,1000.0,foreign,Alimosho,automatic,petrol,False,3,False,https://autochek.africa/ng/car/8SWv41VPj
Autochek,2YboMHym7,TOYOTA Camry,toyota,camry,2014,12500000.0,13019000.0,4.0,39,102482.0,foreign,,automatic,petrol,True,4.099999904632568,False,https://autochek.africa/ng/car/2YboMHym7
Autochek,_yVyP62--,TOYOTA Camry,toyota,camry,2014,13000000.0,13507000.0,3.8,39,64912.0,foreign,Katampe Road,automatic,petrol,False,3,False,https://autochek.africa/ng/car/_yVyP62--
Autochek,0_bjJ6Y_Q,TOYOTA Camry,toyota,camry,2014,13000000.0,10578000.0,-22.9,14,132148.0,local,Agege,automatic,petrol,True,3,False,https://autochek.africa/ng/car/0_bjJ6Y_Q
Autochek,OXJ7zDY3O,TOYOTA Camry,toyota,camry,2014,13000000.0,12635000.0,-2.9,39,131151.0,foreign,Idimu,automatic,petrol,True,2.5,False,https://autochek.africa/ng/car/OXJ7zDY3O
Autochek,FwyjsF1L2,TOYOTA Camry,toyota,camry,2014,13500000.0,14260000.0,5.3,39,7000.0,foreign,,automatic,petrol,False,3,False,https://autochek.africa/ng/car/FwyjsF1L2
Autochek,2327FZdbW,TOYOTA Camry,toyota,camry,2014,13500000.0,13540000.0,0.3,39,62428.0,foreign,Gwarimpa ,automatic,petrol,False,3,False,https://autochek.africa/ng/car/2327FZdbW
Autochek,-69RX9uEc,TOYOTA Camry,toyota,camry,2014,13500000.0,13194000.0,-2.3,39,89000.0,foreign,,automatic,petrol,False,3,False,https://autochek.africa/ng/car/-69RX9uEc
Autochek,9Fr9KR4TT,TOYOTA Camry,toyota,camry,2014,14000000.0,13701000.0,-2.2,39,50000.0,foreign,,automatic,petrol,False,3,False,https://autochek.africa/ng/car/9Fr9KR4TT
Autochek,0OdBwgUsT,TOYOTA Camry,toyota,camry,2014,14000000.0,12520000.0,-11.8,39,140000.0,foreign,Lagos ,automatic,petrol,False,3,False,https://autochek.africa/ng/car/0OdBwgUsT
Autochek,5AHNQ0TD9,TOYOTA Camry,toyota,camry,2014,14000000.0,10996000.0,-27.3,14,97517.0,local,Ogudu ,automatic,petrol,False,3,False,https://autochek.africa/ng/car/5AHNQ0TD9
Autochek,YrbxW-nsG,TOYOTA Camry,toyota,camry,2014,14000000.0,12234000.0,-14.4,39,162000.0,foreign,CBD,automatic,petrol,False,3,False,https://autochek.africa/ng/car/YrbxW-nsG
Autochek,X-GKgoMhN,TOYOTA Camry,toyota,camry,2014,14200000.0,11901000.0,-19.3,14,19000.0,local,Lagos,automatic,petrol,False,3,False,https://autochek.africa/ng/car/X-GKgoMhN
Autochek,Bbwedw1ou,TOYOTA Camry,toyota,camry,2014,14500000.0,13054000.0,-11.1,39,99768.0,foreign,Gwarinpa,automatic,petrol,False,3,False,https://autochek.africa/ng/car/Bbwedw1ou
Autochek,SfVGqiihn,TOYOTA Camry,toyota,camry,2014,14800000.0,11766000.0,-25.8,39,198000.0,foreign,Abule Egba,automatic,petrol,False,3,False,https://autochek.africa/ng/car/SfVGqiihn
Autochek,cBRr31yeb,TOYOTA Camry,toyota,camry,2015,10000000.0,13250000.0,24.5,10,,local,Lagos,automatic,petrol,False,3,False,https://autochek.africa/ng/car/cBRr31yeb
Autochek,G8we3U14T,TOYOTA Camry,toyota,camry,2015,11500000.0,13103000.0,12.2,34,168023.0,foreign,,automatic,petrol,True,2.5999999046325684,False,https://autochek.africa/ng/car/G8we3U14T
Autochek,QyLkP5uxs,TOYOTA Camry,toyota,camry,2015,13000000.0,14000000.0,7.1,34,,foreign,Abule-Egba/Aboru/Meiran/Alagbado,automatic,petrol,False,3,False,https://autochek.africa/ng/car/QyLkP5uxs
Autochek,DLa2eyzi-,TOYOTA Camry,toyota,camry,2015,13000000.0,13571000.0,4.2,34,134600.0,foreign,Gwarimpa ,automatic,petrol,True,4.400000095367432,False,https://autochek.africa/ng/car/DLa2eyzi-
Autochek,AVBk9-NOg,TOYOTA Camry,toyota,camry,2015,13500000.0,13355000.0,-1.1,34,150000.0,foreign,Alimosho,automatic,petrol,False,3,False,https://autochek.africa/ng/car/AVBk9-NOg
Autochek,EnqwRFnpy,TOYOTA Camry,toyota,camry,2015,14500000.0,12487000.0,-16.1,34,212002.0,foreign,CBD,automatic,petrol,False,3,False,https://autochek.africa/ng/car/EnqwRFnpy
Autochek,-CmAeI5AB,TOYOTA Camry,toyota,camry,2015,14513000.0,11689000.0,-24.2,10,107916.0,local,Ojo,automatic,petrol,True,3.799999952316284,False,https://autochek.africa/ng/car/-CmAeI5AB
Autochek,dGPq7ZepX,TOYOTA Camry,toyota,camry,2015,15000000.0,14480000.0,-3.6,34,70000.0,foreign,Surulere,automatic,petrol,False,3,False,https://autochek.africa/ng/car/dGPq7ZepX
Autochek,o98LhFmCY,TOYOTA Camry,toyota,camry,2015,15500000.0,13194000.0,-17.5,34,161532.0,foreign,Agege,automatic,petrol,True,3.5999999046325684,False,https://autochek.africa/ng/car/o98LhFmCY
Autochek,gL7k4DS86,TOYOTA Camry,toyota,camry,2015,15800000.0,13230000.0,-19.4,34,158915.0,foreign,Ikeja,automatic,petrol,False,3,False,https://autochek.africa/ng/car/gL7k4DS86
Autochek,CDji5h9Ps,TOYOTA Camry,toyota,camry,2015,16000000.0,15385000.0,-4.0,34,5400.0,foreign,Gwarinpa,automatic,petrol,False,3,False,https://autochek.africa/ng/car/CDji5h9Ps
Autochek,DunKlrqPj,TOYOTA Camry,toyota,camry,2015,16600000.0,10741000.0,-54.5,10,185284.0,local,Apapa,automatic,petrol,True,4.199999809265137,False,https://autochek.africa/ng/car/DunKlrqPj
Autochek,74liKl9fR,TOYOTA Camry,toyota,camry,2015,17000000.0,13997000.0,-21.5,34,104245.0,foreign,Gwarimpa ,automatic,petrol,True,3.799999952316284,False,https://autochek.africa/ng/car/74liKl9fR
Autochek,LWINsskGc,TOYOTA Camry,toyota,camry,2015,18500000.0,13757000.0,-34.5,34,121326.0,foreign,Katampe,automatic,petrol,False,3,False,https://autochek.africa/ng/car/LWINsskGc
Autochek,9Z9J0slCF,TOYOTA Camry,toyota,camry,2016,13000000.0,15500000.0,16.1,26,,foreign,abuja,automatic,petrol,False,3,False,https://autochek.africa/ng/car/9Z9J0slCF
Autochek,t5Hl5egqq,TOYOTA Camry,toyota,camry,2016,13500000.0,,,0,59689.0,local,,automatic,petrol,False,3,False,https://autochek.africa/ng/car/t5Hl5egqq
Autochek,wqOmnAb2h,TOYOTA Camry,toyota,camry,2016,14000000.0,15925000.0,12.1,26,96000.0,foreign,Mushin,automatic,petrol,False,3,False,https://autochek.africa/ng/car/wqOmnAb2h
Autochek,SAk1V_BDB,TOYOTA Camry,toyota,camry,2016,14500000.0,15795000.0,8.2,26,104388.0,foreign,Gwarimpa ,automatic,petrol,False,3,False,https://autochek.africa/ng/car/SAk1V_BDB
Autochek,YURhK18oB,TOYOTA Camry,toyota,camry,2016,15000000.0,14777000.0,-1.5,26,168822.0,foreign,,automatic,petrol,True,2.700000047683716,False,https://autochek.africa/ng/car/YURhK18oB
Autochek,IVZbQ7QT5,TOYOTA Camry,toyota,camry,2016,16000000.0,16065000.0,0.4,26,70000.0,foreign,,automatic,petrol,False,3,False,https://autochek.africa/ng/car/IVZbQ7QT5
Autochek,A8S9QFjsE,TOYOTA Camry,toyota,camry,2016,16000000.0,16193000.0,1.2,26,61635.0,foreign,,automatic,petrol,True,4.199999809265137,False,https://autochek.africa/ng/car/A8S9QFjsE
Autochek,uu4XL_C32,TOYOTA Camry,toyota,camry,2016,16000000.0,14536000.0,-10.1,26,169000.0,foreign,Agidingbi,automatic,petrol,False,3,False,https://autochek.africa/ng/car/uu4XL_C32
Autochek,bIDNXU5Q8,TOYOTA Camry,toyota,camry,2016,16500000.0,14734000.0,-12.0,26,156000.0,foreign,ikeja,automatic,petrol,False,3,False,https://autochek.africa/ng/car/bIDNXU5Q8
Autochek,24IzdgVlp,TOYOTA Camry,toyota,camry,2016,18500000.0,15807000.0,-17.0,26,86901.0,foreign,Abuja ,automatic,petrol,False,3,False,https://autochek.africa/ng/cars-for-sale/camry/toyota/24IzdgVlp
Autochek,Z9WdRdGdk,TOYOTA Camry,toyota,camry,2017,14000000.0,18968000.0,26.2,26,63290.0,foreign,Gwarinpa,automatic,petrol,True,2.700000047683716,False,https://autochek.africa/ng/car/Z9WdRdGdk
Autochek,eH2-hM7Cz,TOYOTA Camry,toyota,camry,2017,15000000.0,17786000.0,15.7,26,123894.0,foreign,Gwarimpa ,automatic,petrol,True,4.400000095367432,False,https://autochek.africa/ng/car/eH2-hM7Cz
Autochek,rcbtZrj8Y,TOYOTA Camry,toyota,camry,2017,15000000.0,17802000.0,15.7,26,123000.0,foreign,CBD,automatic,petrol,False,3,False,https://autochek.africa/ng/car/rcbtZrj8Y
Autochek,9f75KSoiP,TOYOTA Camry,toyota,camry,2017,15500000.0,16539000.0,6.3,26,192180.0,foreign,Ojodu,automatic,petrol,True,3.5999999046325684,False,https://autochek.africa/ng/car/9f75KSoiP
Autochek,gUMmX1jIB,TOYOTA Camry,toyota,camry,2017,18000000.0,16323000.0,-10.3,26,165703.0,foreign,Gwarinpa,automatic,petrol,False,3,False,https://autochek.africa/ng/car/gUMmX1jIB
Autochek,cebc_5kZC,TOYOTA Camry,toyota,camry,2017,20000000.0,18900000.0,-5.8,26,7000.0,foreign,Gwarinpa,automatic,petrol,False,3,False,https://autochek.africa/ng/car/cebc_5kZC
Autochek,DkZ9w5JQ7,TOYOTA Camry,toyota,camry,2017,23000000.0,18927000.0,-21.5,26,5432.0,foreign,Gwarinpa,automatic,petrol,False,3,False,https://autochek.africa/ng/car/DkZ9w5JQ7
Autochek,B-e81LhDz,TOYOTA Camry,toyota,camry,2018,16000000.0,21688000.0,26.2,24,179838.0,foreign,,automatic,petrol,True,4.199999809265137,False,https://autochek.africa/ng/car/B-e81LhDz
Autochek,Uc-NIUkqB,TOYOTA Camry,toyota,camry,2018,20000000.0,23750000.0,15.8,24,,foreign,Alimosho,automatic,petrol,True,4.400000095367432,False,https://autochek.africa/ng/car/Uc-NIUkqB
Autochek,XM7m768yi,TOYOTA Camry,toyota,camry,2018,21000000.0,25511000.0,17.7,24,21000.0,foreign,"Aguda, Surulere",automatic,petrol,False,3,False,https://autochek.africa/ng/car/XM7m768yi
Autochek,fkVAFqci4,TOYOTA Camry,toyota,camry,2018,22000000.0,22396000.0,1.8,24,150000.0,foreign,Alimosho,automatic,petrol,False,3,False,https://autochek.africa/ng/car/fkVAFqci4
Autochek,jd5pllzic,TOYOTA Camry,toyota,camry,2018,24500000.0,24483000.0,-0.1,24,7000.0,foreign,Gwarinpa,automatic,petrol,False,3,False,https://autochek.africa/ng/car/jd5pllzic
Autochek,aoJRTL0cO,TOYOTA Camry,toyota,camry,2018,25000000.0,22322000.0,-12.0,24,100896.0,foreign,Katampe,automatic,petrol,False,3,False,https://autochek.africa/ng/car/aoJRTL0cO
Autochek,gj4eR2Gm5,TOYOTA Camry,toyota,camry,2018,25000000.0,,,0,175000.0,local,Ikosi Ketu,automatic,petrol,False,3,False,https://autochek.africa/ng/car/gj4eR2Gm5
Autochek,EFTp2u9Ou,TOYOTA Camry,toyota,camry,2018,28000000.0,22221000.0,-26.0,24,105395.0,foreign,,automatic,petrol,False,3,False,https://autochek.africa/ng/car/EFTp2u9Ou
Autochek,tlhYAqRpN,TOYOTA Camry,toyota,camry,2018,28000000.0,22908000.0,-22.2,24,77000.0,foreign,Ikosi Ketu,automatic,petrol,False,3,False,https://autochek.africa/ng/car/tlhYAqRpN
Autochek,PtOLtBHmV,TOYOTA Camry,toyota,camry,2018,28500000.0,23180000.0,-23.0,24,64912.0,foreign,Katampe Road,automatic,petrol,False,3,False,https://autochek.africa/ng/car/PtOLtBHmV
Autochek,g2Nws2qZn,TOYOTA Camry,toyota,camry,2018,29000000.0,22244000.0,-30.4,24,104388.0,foreign,Gwarimpa ,automatic,petrol,False,3,False,https://autochek.africa/ng/car/g2Nws2qZn
Autochek,CacbbNIqT,TOYOTA Camry,toyota,camry,2018,29000000.0,22548000.0,-28.6,24,93000.0,foreign,Ibadan,automatic,petrol,False,3,False,https://autochek.africa/ng/car/CacbbNIqT
Autochek,77CRVXVHj,TOYOTA Camry,toyota,camry,2018,33000000.0,,,0,1234.0,local,,automatic,petrol,False,3,False,https://autochek.africa/ng/car/77CRVXVHj
Autochek,zKTWNfiZx,TOYOTA Camry,toyota,camry,2019,17700000.0,23903000.0,26.0,20,127000.0,foreign,Gwarinpa,automatic,petrol,False,3,False,https://autochek.africa/ng/car/zKTWNfiZx
Autochek,kycazuivZ,TOYOTA Camry,toyota,camry,2019,21500000.0,22379000.0,3.9,20,187960.0,foreign,Gwarimpa ,automatic,petrol,True,3.799999952316284,False,https://autochek.africa/ng/car/kycazuivZ
Autochek,FdLFj46En,TOYOTA Camry,toyota,camry,2019,25000000.0,25247000.0,1.0,20,83126.0,foreign,Ogba,automatic,petrol,False,3,False,https://autochek.africa/ng/car/FdLFj46En
Autochek,ROfNqdnU8,TOYOTA Camry,toyota,camry,2019,25000000.0,27250000.0,8.3,20,3000.0,foreign,,automatic,petrol,False,3,False,https://autochek.africa/ng/car/ROfNqdnU8
Autochek,Jhfet-Smg,TOYOTA Camry,toyota,camry,2019,25000000.0,27135000.0,7.9,20,7600.0,foreign,abuja,automatic,petrol,False,3,False,https://autochek.africa/ng/car/Jhfet-Smg
Autochek,VQ_Rkn3XQ,TOYOTA Camry,toyota,camry,2019,25000000.0,27110000.0,7.8,20,8600.0,foreign,abuja,automatic,petrol,False,3,False,https://autochek.africa/ng/car/VQ_Rkn3XQ
Autochek,Fic8umYiK,TOYOTA Camry,toyota,camry,2019,25000000.0,,,0,75438.0,local,Abuja ,automatic,petrol,True,4.199999809265137,False,https://autochek.africa/ng/car/Fic8umYiK
Autochek,RNwuH_8w5,TOYOTA Camry,toyota,camry,2019,33000000.0,24700000.0,-33.6,20,95131.0,foreign,Ogba,automatic,petrol,False,3,False,https://autochek.africa/ng/car/RNwuH_8w5
Autochek,Jcxyp5pqx,TOYOTA Camry,toyota,camry,2020,23000000.0,24452000.0,5.9,14,80000.0,foreign,Gwarimpa ,automatic,petrol,False,3,False,https://autochek.africa/ng/car/Jcxyp5pqx
Autochek,H3l6QWkrl,TOYOTA Camry,toyota,camry,2020,24000000.0,24052000.0,0.2,14,96000.0,foreign,Mushin,automatic,petrol,False,3,False,https://autochek.africa/ng/car/H3l6QWkrl
Autochek,qYK4f9pvn,TOYOTA Camry,toyota,camry,2020,32000000.0,,,0,156176.0,local,Isolo,automatic,petrol,False,3,False,https://autochek.africa/ng/car/qYK4f9pvn
Autochek,ppqXZfhY-,TOYOTA Camry,toyota,camry,2020,32000008.0,26027000.0,-22.9,14,32000.0,foreign,Gudu District,automatic,petrol,False,3,False,https://autochek.africa/ng/car/ppqXZfhY-
Autochek,oljrad65C,TOYOTA Camry,toyota,camry,2021,18500000.0,35898000.0,48.5,9,32451.0,foreign,Municipal Area Council,automatic,petrol,False,3,False,https://autochek.africa/ng/car/oljrad65C
Autochek,jZSNdWhru,TOYOTA Camry,toyota,camry,2021,29000000.0,32943000.0,12.0,9,100000.0,foreign,Festac Town,automatic,petrol,False,3,False,https://autochek.africa/ng/car/jZSNdWhru
Autochek,I0_2IuSJa,TOYOTA Camry,toyota,camry,2021,33000000.0,,,0,78654.0,local,Abuja ,automatic,petrol,False,3,False,https://autochek.africa/ng/car/I0_2IuSJa
Autochek,L2Vl9OWZ9,TOYOTA Camry,toyota,camry,2021,35000000.0,,,0,5700.0,local,,automatic,petrol,False,3,False,https://autochek.africa/ng/car/L2Vl9OWZ9
Autochek,tb4MIyjm3,TOYOTA Camry,toyota,camry,2021,35000000.0,33507000.0,-4.5,9,11000.0,foreign,Abuja ,automatic,petrol,False,3,False,https://autochek.africa/ng/car/tb4MIyjm3
Autochek,8IxmjgUck,TOYOTA Camry,toyota,camry,2021,35000000.0,31978000.0,-9.4,9,50000.0,foreign,,automatic,petrol,False,3,False,https://autochek.africa/ng/car/8IxmjgUck
Autochek,tfm9KNArc,TOYOTA Camry,toyota,camry,2021,40000000.0,31201000.0,-28.2,9,66200.0,foreign,Garki 2,automatic,petrol,False,3,False,https://autochek.africa/ng/car/tfm9KNArc
Autochek,-Ib61U0Q_,TOYOTA Camry,toyota,camry,2022,39000000.0,35000000.0,-11.4,8,,foreign,Idimu,automatic,petrol,False,3,False,https://autochek.africa/ng/car/-Ib61U0Q_
Autochek,rmwg6eERt,TOYOTA Camry,toyota,camry,2022,45000000.0,37072000.0,-21.4,8,7000.0,foreign,,automatic,petrol,False,3,False,https://autochek.africa/ng/car/rmwg6eERt
Autochek,Z-qEfh3Mm,TOYOTA Camry,toyota,camry,2023,31000000.0,45000000.0,31.1,5,103438.0,foreign,Gwarimpa ,automatic,petrol,False,3,False,https://autochek.africa/ng/car/Z-qEfh3Mm
Autochek,gc0Zdasql,TOYOTA Camry,toyota,camry,2023,38000000.0,45000000.0,15.6,5,157439.0,foreign,LEKKI,automatic,petrol,False,3,False,https://autochek.africa/ng/car/gc0Zdasql
Autochek,aYGiBl7XV,TOYOTA Camry,toyota,camry,2024,53000000.0,68440000.0,22.6,5,1234.0,foreign,,automatic,petrol,False,3,False,https://autochek.africa/ng/car/aYGiBl7XV
Autochek,cKZxp7PIu,TOYOTA Camry,toyota,camry,2024,65000000.0,54280000.0,-19.7,5,30000.0,foreign,Katampe Road,automatic,petrol,False,3,False,https://autochek.africa/ng/car/cKZxp7PIu
Autochek,sanobn6ws,TOYOTA Camry,toyota,camry,2025,68500000.0,,,0,54150.0,foreign,CBD,cvt,petrol,False,3,False,https://autochek.africa/ng/car/sanobn6ws
Autochek,nJAxVAPD3,TOYOTA Camry,toyota,camry,2025,76000000.0,,,0,34999.0,foreign,Gwarinpa,cvt,petrol,False,3,False,https://autochek.africa/ng/car/nJAxVAPD3
Autochek,JLXcFqOTv,TOYOTA Corolla,toyota,corolla,2005,8500000.0,,,0,150205.0,foreign,Gwarinpa,automatic,petrol,False,3,False,https://autochek.africa/ng/car/JLXcFqOTv
Autochek,_oxTnaI2U,TOYOTA Corolla,toyota,corolla,2006,5800000.0,,,0,78965.0,local,Abuja ,automatic,petrol,False,3,False,https://autochek.africa/ng/car/_oxTnaI2U
Autochek,t_5Vslfcb,TOYOTA Corolla,toyota,corolla,2006,5900000.0,,,0,54125.0,local,,automatic,petrol,False,3,False,https://autochek.africa/ng/car/t_5Vslfcb
Carlots,i19373,"Toyota corolla 2006 3 doors tokunbo, just arrived naija",toyota,corolla,2006,6000000.0,8250000.0,27.3,8,,,,,,False,,False,https://carlots.ng/toyota-corolla-2006-3-doors-tokunbo-just-arrived-naija_i19373.html
Autochek,smhtGGaya,TOYOTA Corolla,toyota,corolla,2006,8000000.0,8700000.0,8.0,5,,foreign,Alimosho,automatic,petrol,False,3,False,https://autochek.africa/ng/car/smhtGGaya
Autochek,ubQNN5VO6,TOYOTA Corolla,toyota,corolla,2007,6500000.0,5950000.0,-9.2,6,68976.0,local,Gwarimpa ,automatic,petrol,False,3,False,https://autochek.africa/ng/car/ubQNN5VO6
Autochek,_AflsAhEk,TOYOTA Corolla,toyota,corolla,2007,8700000.0,8600000.0,-1.2,6,191057.0,foreign,Amuwo-Odofin,automatic,petrol,False,3,False,https://autochek.africa/ng/car/_AflsAhEk
Autochek,3B51QN6rk,TOYOTA Corolla,toyota,corolla,2007,8800000.0,8600000.0,-2.3,6,97438.0,foreign,,automatic,petrol,True,2.299999952316284,False,https://autochek.africa/ng/car/3B51QN6rk
Autochek,wBxU7Rrz8,TOYOTA Corolla,toyota,corolla,2007,9000000.0,8600000.0,-4.7,6,299999.0,foreign,,automatic,petrol,True,2.5,False,https://autochek.africa/ng/car/wBxU7Rrz8
Autochek,S5Zk43irQ,TOYOTA Corolla,toyota,corolla,2008,5500000.0,5588000.0,1.6,8,278214.0,local,Alimosho,automatic,petrol,True,3.0999999046325684,False,https://autochek.africa/ng/car/S5Zk43irQ
Autochek,Gi2cFr3Jf,TOYOTA Corolla,toyota,corolla,2008,6000000.0,6500000.0,7.7,8,,local,Lagos,automatic,petrol,False,3,False,https://autochek.africa/ng/car/Gi2cFr3Jf
Autochek,nXlbXvvRz,TOYOTA Corolla,toyota,corolla,2008,8500000.0,9318000.0,8.8,10,87456.0,foreign,,automatic,petrol,True,3.5,False,https://autochek.africa/ng/car/nXlbXvvRz
Autochek,mo9eSz0Lv,TOYOTA Corolla,toyota,corolla,2008,8700000.0,9480000.0,8.2,10,70000.0,foreign,Apapa,automatic,petrol,False,3,False,https://autochek.africa/ng/car/mo9eSz0Lv
Autochek,yetQC4kQ-,TOYOTA Corolla,toyota,corolla,2008,9000000.0,7187000.0,-25.2,8,7200.0,local,,automatic,petrol,False,3,False,https://autochek.africa/ng/car/yetQC4kQ-
Autochek,dzx5Ba8l4,TOYOTA Corolla,toyota,corolla,2009,6000000.0,6234000.0,3.8,18,160000.0,local,,automatic,petrol,False,3,False,https://autochek.africa/ng/car/dzx5Ba8l4
Autochek,pbh_v7Qu5,TOYOTA Corolla,toyota,corolla,2009,6000000.0,6607000.0,9.2,18,115669.0,local,Lagos ,automatic,petrol,True,3,False,https://autochek.africa/ng/car/pbh_v7Qu5
Autochek,uKhueRLl5,TOYOTA Corolla,toyota,corolla,2009,6500000.0,6350000.0,-2.4,18,,local,Magodo,automatic,petrol,False,3,False,https://autochek.africa/ng/car/uKhueRLl5
Autochek,90QPWuI3z,TOYOTA Corolla,toyota,corolla,2009,6700000.0,10481000.0,36.1,17,70000.0,foreign,Kaura Market,automatic,petrol,False,3,False,https://autochek.africa/ng/car/90QPWuI3z
Autochek,tLahgDoAi,TOYOTA Corolla,toyota,corolla,2009,6800000.0,6065000.0,-12.1,18,164093.0,local,iyana ipaja,automatic,petrol,True,3.799999952316284,False,https://autochek.africa/ng/car/tLahgDoAi
Autochek,pl7OcD3iC,TOYOTA Corolla,toyota,corolla,2009,8000000.0,5497000.0,-45.5,18,253416.0,local,Berger,automatic,petrol,True,4.300000190734863,False,https://autochek.africa/ng/car/pl7OcD3iC
Autochek,sdN66X_fY,TOYOTA Corolla,toyota,corolla,2009,9500000.0,10086000.0,5.8,17,103643.0,foreign,Okota,automatic,petrol,False,3,False,https://autochek.africa/ng/car/sdN66X_fY
Autochek,PqV4UlG_z,TOYOTA Corolla,toyota,corolla,2009,9800000.0,10328000.0,5.1,17,84942.0,foreign,abuja,automatic,petrol,False,3,False,https://autochek.africa/ng/car/PqV4UlG_z
Autochek,YhgzKrZbk,TOYOTA Corolla,toyota,corolla,2009,10500000.0,10305000.0,-1.9,17,67000.0,foreign,Kubwa Express,automatic,petrol,False,3,False,https://autochek.africa/ng/car/YhgzKrZbk
Autochek,enaQPP_Aw,TOYOTA Corolla,toyota,corolla,2009,11500000.0,10053000.0,-14.4,17,92212.0,foreign,Gwarinpa,automatic,petrol,True,3.9000000953674316,False,https://autochek.africa/ng/car/enaQPP_Aw
Autochek,pCjDHKZ90,TOYOTA Corolla,toyota,corolla,2009,11500000.0,9422000.0,-22.1,17,150205.0,foreign,Gwarimpa ,automatic,petrol,False,3,False,https://autochek.africa/ng/car/pCjDHKZ90
Autochek,eUgplgEAz,TOYOTA Corolla,toyota,corolla,2010,5000000.0,6441000.0,22.4,19,166151.0,local,,automatic,petrol,False,3,False,https://autochek.africa/ng/cars-for-sale/toyota/corolla/eUgplgEAz
Autochek,cg4KoPKUK,TOYOTA Corolla,toyota,corolla,2010,5500000.0,6816000.0,19.3,19,113288.0,local,Nyanya,automatic,petrol,True,2.0999999046325684,False,https://autochek.africa/ng/car/cg4KoPKUK
Autochek,Gd-VaF8TE,TOYOTA Corolla,toyota,corolla,2010,5600000.0,9482000.0,40.9,20,189367.0,foreign,Surulere,automatic,petrol,True,2.4000000953674316,False,https://autochek.africa/ng/car/Gd-VaF8TE
Autochek,wb3G3e6DJ,TOYOTA Corolla,toyota,corolla,2010,6000000.0,6760000.0,11.2,19,119142.0,local,Lagos ,automatic,petrol,True,2.5999999046325684,False,https://autochek.africa/ng/car/wb3G3e6DJ
Autochek,R4Kj4jD8V,TOYOTA Corolla,toyota,corolla,2010,6000000.0,7231000.0,17.0,19,52246.0,local,Abule egba ,automatic,petrol,False,3.700000047683716,False,https://autochek.africa/ng/cars-for-sale/toyota/corolla/R4Kj4jD8V
Autochek,h1dY89mB4,TOYOTA Corolla,toyota,corolla,2010,6200000.0,6916000.0,10.4,19,98607.0,local,Kubwa Express,automatic,petrol,True,2.299999952316284,False,https://autochek.africa/ng/car/h1dY89mB4
Autochek,HpCVrxRjZ,TOYOTA Corolla,toyota,corolla,2010,6500000.0,6800000.0,4.4,19,,local,Abule egba ,automatic,petrol,False,3,False,https://autochek.africa/ng/car/HpCVrxRjZ
Autochek,GqskYKReP,TOYOTA Corolla,toyota,corolla,2010,6800000.0,7488000.0,9.2,19,14424.0,local,,automatic,petrol,False,3,False,https://autochek.africa/ng/car/GqskYKReP
Autochek,h3CaeOcMP,TOYOTA Corolla,toyota,corolla,2010,7400000.0,6563000.0,-12.7,19,148103.0,local,Agege,automatic,petrol,True,3.5,False,https://autochek.africa/ng/car/h3CaeOcMP
Autochek,Ai7jjbB53,TOYOTA Corolla,toyota,corolla,2010,7500000.0,6672000.0,-12.4,19,132111.0,local,,automatic,petrol,True,3.5,False,https://autochek.africa/ng/car/Ai7jjbB53
Autochek,lD5ikTd0a,TOYOTA Corolla,toyota,corolla,2010,7700000.0,6657000.0,-15.7,19,134283.0,local,,automatic,petrol,True,3.5,False,https://autochek.africa/ng/car/lD5ikTd0a
Autochek,zFvNLV90W,TOYOTA Corolla,toyota,corolla,2010,8000000.0,8925000.0,10.4,20,300762.0,foreign,Apapa,automatic,petrol,True,3.4000000953674316,False,https://autochek.africa/ng/car/zFvNLV90W
Autochek,2aSXpSmHG,TOYOTA Corolla,toyota,corolla,2010,8500000.0,7538000.0,-12.8,19,7200.0,local,,automatic,petrol,False,3,False,https://autochek.africa/ng/car/2aSXpSmHG
Autochek,s5Rmx3SJj,TOYOTA Corolla,toyota,corolla,2010,9500000.0,10111000.0,6.0,20,129455.0,foreign,,automatic,petrol,True,2.4000000953674316,False,https://autochek.africa/ng/car/s5Rmx3SJj
Autochek,mwSSK7HJP,TOYOTA Corolla,toyota,corolla,2010,10000000.0,10735000.0,6.8,20,75125.0,foreign,Gwarimpa ,automatic,petrol,False,3,False,https://autochek.africa/ng/cars-for-sale/toyota/corolla/mwSSK7HJP
Autochek,fZubpqIaY,TOYOTA Corolla,toyota,corolla,2010,10200000.0,11071000.0,7.9,20,43112.0,foreign,,automatic,petrol,False,3,False,https://autochek.africa/ng/car/fZubpqIaY
Autochek,XkddG8ohY,TOYOTA Corolla,toyota,corolla,2010,10500000.0,10226000.0,-2.7,20,104388.0,foreign,Gwarimpa ,automatic,petrol,False,3,False,https://autochek.africa/ng/cars-for-sale/corolla/toyota/XkddG8ohY
Autochek,obBdqrQTo,TOYOTA Corolla,toyota,corolla,2010,10500000.0,10133000.0,-3.6,20,113432.0,foreign,Gwarinpa,automatic,petrol,False,3,False,https://autochek.africa/ng/car/obBdqrQTo
Autochek,CulpqMhFd,TOYOTA Corolla,toyota,corolla,2010,10700000.0,9319000.0,-14.8,20,192000.0,foreign,ojodu berger,automatic,petrol,False,3,False,https://autochek.africa/ng/car/CulpqMhFd
Autochek,m2gA50atf,TOYOTA Corolla,toyota,corolla,2010,10700000.0,10403000.0,-2.9,20,92423.0,foreign,mile 2,automatic,petrol,True,3.4000000953674316,False,https://autochek.africa/ng/car/m2gA50atf
Autochek,8GdnYfVWW,TOYOTA Corolla,toyota,corolla,2010,11000000.0,10297000.0,-6.8,20,97517.0,foreign,Ikeja,automatic,petrol,False,3,False,https://autochek.africa/ng/car/8GdnYfVWW
Autochek,AS7hhB_tJ,TOYOTA Corolla,toyota,corolla,2011,7700000.0,7281000.0,-5.8,18,89000.0,local,Abuja,automatic,petrol,False,3,False,https://autochek.africa/ng/car/AS7hhB_tJ
Autochek,3rhwzUeXs,TOYOTA Corolla,toyota,corolla,2011,8000000.0,7521000.0,-6.4,18,55644.0,local,Abuja ,automatic,petrol,False,3,False,https://autochek.africa/ng/car/3rhwzUeXs
Autochek,zHlF6191V,TOYOTA Corolla,toyota,corolla,2011,8500000.0,7187000.0,-18.3,18,100460.0,local,Surulere,automatic,petrol,True,3.700000047683716,False,https://autochek.africa/ng/car/zHlF6191V
Autochek,YWHb8PA1v,TOYOTA Corolla,toyota,corolla,2011,9500000.0,11333000.0,16.2,19,15721.0,foreign,,automatic,petrol,False,3,False,https://autochek.africa/ng/car/YWHb8PA1v
Autochek,C2uGKqZoR,TOYOTA Corolla,toyota,corolla,2011,10000000.0,10301000.0,2.9,19,111866.0,foreign,Lagos ,automatic,petrol,True,4.199999809265137,False,https://autochek.africa/ng/car/C2uGKqZoR
Autochek,kn1qHwGGs,TOYOTA Corolla,toyota,corolla,2011,11000000.0,7212000.0,-52.5,18,98557.0,local,Surulere,automatic,petrol,True,3,False,https://autochek.africa/ng/car/kn1qHwGGs
Autochek,zw2RFlewP,TOYOTA Corolla,toyota,corolla,2011,11000000.0,10540000.0,-4.4,19,91285.0,foreign,Amuwo-Odofin,automatic,petrol,False,3,False,https://autochek.africa/ng/car/zw2RFlewP
Autochek,NvGu628VS,TOYOTA Corolla,toyota,corolla,2011,12500000.0,11369000.0,-10.0,19,12345.0,foreign,,automatic,petrol,False,3,False,https://autochek.africa/ng/car/NvGu628VS
Autochek,AlUdwLY8_,TOYOTA Corolla,toyota,corolla,2011,13000000.0,10500000.0,-23.8,19,,foreign,abuja,automatic,petrol,False,3,False,https://autochek.africa/ng/car/AlUdwLY8_
Autochek,yhgiFdMUm,TOYOTA Corolla,toyota,corolla,2012,6000000.0,7942000.0,24.5,8,127434.0,local,Lagos,automatic,petrol,True,2.0999999046325684,False,https://autochek.africa/ng/car/yhgiFdMUm
Autochek,LfpDwRPvF,TOYOTA Corolla,toyota,corolla,2012,7000000.0,8167000.0,14.3,8,100209.0,local,Abuja,automatic,petrol,True,3.299999952316284,False,https://autochek.africa/ng/car/LfpDwRPvF
Autochek,oTyLPF-pQ,TOYOTA Corolla,toyota,corolla,2012,7500000.0,8974000.0,16.4,8,7200.0,local,,automatic,petrol,False,3,False,https://autochek.africa/ng/cars-for-sale/corolla/toyota/oTyLPF-pQ
Autochek,NNyhDtRB6,TOYOTA Corolla,toyota,corolla,2012,9500000.0,12679000.0,25.1,14,2000.0,foreign,,automatic,petrol,False,3,False,https://autochek.africa/ng/car/NNyhDtRB6
Autochek,cChNd4ERp,TOYOTA Corolla,toyota,corolla,2012,10500000.0,11547000.0,9.1,14,70000.0,foreign,CBD,automatic,petrol,False,3,False,https://autochek.africa/ng/car/cChNd4ERp
Autochek,7WzsBRSkg,TOYOTA Corolla,toyota,corolla,2012,11000000.0,7870000.0,-39.8,8,91285.0,local,Festac Town,automatic,petrol,False,3,False,https://autochek.africa/ng/car/7WzsBRSkg
Autochek,HLCl50MhN,TOYOTA Corolla,toyota,corolla,2012,11800000.0,11126000.0,-6.1,14,93438.0,foreign,Abuja ,automatic,petrol,False,3,False,https://autochek.africa/ng/cars-for-sale/toyota/corolla/HLCl50MhN
Autochek,8wvlx4NZ1,TOYOTA Corolla,toyota,corolla,2012,12000000.0,10993000.0,-9.2,14,96700.0,foreign,,automatic,petrol,False,3,False,https://autochek.africa/ng/car/8wvlx4NZ1
Autochek,m0V-pTA9T,TOYOTA Corolla,toyota,corolla,2012,13000000.0,12292000.0,-5.8,14,12345.0,foreign,,automatic,petrol,False,3,False,https://autochek.africa/ng/car/m0V-pTA9T
Autochek,jM56VmnvS,TOYOTA Corolla,toyota,corolla,2013,11500000.0,12900000.0,10.9,18,,foreign,Magodo,automatic,petrol,False,3,False,https://autochek.africa/ng/car/jM56VmnvS
Autochek,AiWpfOoy9,TOYOTA Corolla,toyota,corolla,2013,11500000.0,12957000.0,11.2,18,89000.0,foreign,Ifako Agege,automatic,petrol,False,3,False,https://autochek.africa/ng/car/AiWpfOoy9
Autochek,L4Dio3Isq,TOYOTA Corolla,toyota,corolla,2013,12000000.0,8702000.0,-37.9,8,63576.0,local,,automatic,petrol,False,3,False,https://autochek.africa/ng/car/L4Dio3Isq
Autochek,FtslxWVnf,TOYOTA Corolla,toyota,corolla,2013,12500000.0,14012000.0,10.8,18,7200.0,foreign,,automatic,petrol,False,3,False,https://autochek.africa/ng/car/FtslxWVnf
Autochek,nh6XBeCDO,TOYOTA Corolla,toyota,corolla,2013,12500000.0,13268000.0,5.8,18,64912.0,foreign,Katampe Road,automatic,petrol,False,3,False,https://autochek.africa/ng/car/nh6XBeCDO
Autochek,Hmoo6LQdl,TOYOTA Corolla,toyota,corolla,2013,12800000.0,13872000.0,7.7,18,5400.0,foreign,Gwarinpa,automatic,petrol,False,3,False,https://autochek.africa/ng/car/Hmoo6LQdl
Autochek,-Az45QcOB,TOYOTA Corolla,toyota,corolla,2014,8000000.0,10971000.0,27.1,6,4000.0,local,,automatic,petrol,False,3,False,https://autochek.africa/ng/car/-Az45QcOB
Autochek,0KLB9f-EC,TOYOTA Corolla,toyota,corolla,2014,9000000.0,10240000.0,12.1,6,76032.0,local,Lagos,automatic,petrol,True,2.5,False,https://autochek.africa/ng/car/0KLB9f-EC
Autochek,79nSF_w9F,TOYOTA Corolla,toyota,corolla,2014,10000000.0,9451000.0,-5.8,6,100320.0,local,Lagos,automatic,petrol,False,3,False,https://autochek.africa/ng/car/79nSF_w9F
Autochek,W1zfikp8F,TOYOTA Corolla,toyota,corolla,2014,10600000.0,9480000.0,-11.8,6,83376.0,local,,automatic,petrol,True,2.4000000953674316,False,https://autochek.africa/ng/car/W1zfikp8F
Autochek,fHL8bMnbx,TOYOTA Corolla,toyota,corolla,2014,12000000.0,13584000.0,11.7,22,115432.0,foreign,Gwarinpa,automatic,petrol,False,3,False,https://autochek.africa/ng/car/fHL8bMnbx
Autochek,cQtk31j00,TOYOTA Corolla,toyota,corolla,2014,13500000.0,12619000.0,-7.0,22,185669.0,foreign,,automatic,petrol,True,2.5,False,https://autochek.africa/ng/car/cQtk31j00
Autochek,FbCLurExG,TOYOTA Corolla,toyota,corolla,2014,13500000.0,13015000.0,-3.7,22,156822.0,foreign,Amuwo-Odofin,automatic,petrol,False,3,False,https://autochek.africa/ng/car/FbCLurExG
Autochek,a-oJQ5ZMU,TOYOTA Corolla,toyota,corolla,2014,14000000.0,12983000.0,-7.8,22,141718.0,foreign,Ajah,automatic,petrol,False,3,False,https://autochek.africa/ng/car/a-oJQ5ZMU
Autochek,acuTxkRcx,TOYOTA Corolla,toyota,corolla,2014,14000000.0,14993000.0,6.6,22,1234.0,foreign,,automatic,petrol,False,3,False,https://autochek.africa/ng/car/acuTxkRcx
Autochek,r8YmDrHgq,TOYOTA Corolla,toyota,corolla,2014,14100000.0,13323000.0,-5.8,22,116522.0,foreign,Festac Town,automatic,petrol,True,4,False,https://autochek.africa/ng/car/r8YmDrHgq
Autochek,lLWj5HqEt,TOYOTA Corolla,toyota,corolla,2014,14500000.0,13484000.0,-7.5,22,108201.0,foreign,Festac Town,automatic,petrol,False,3,False,https://autochek.africa/ng/car/lLWj5HqEt
Autochek,LjbK_LIbw,TOYOTA Corolla,toyota,corolla,2014,15000000.0,13276000.0,-13.0,22,120000.0,foreign,ojodu berger,automatic,petrol,False,3,False,https://autochek.africa/ng/car/LjbK_LIbw
Autochek,WEX6HbWip,TOYOTA Corolla,toyota,corolla,2014,15000000.0,14065000.0,-6.7,22,70000.0,foreign,Surulere,automatic,petrol,False,3,False,https://autochek.africa/ng/car/WEX6HbWip
Autochek,pHrZUIuIo,TOYOTA Corolla,toyota,corolla,2015,8800000.0,10139000.0,13.2,7,86407.0,local,Ipaja,automatic,petrol,True,3.799999952316284,False,https://autochek.africa/ng/car/pHrZUIuIo
Autochek,1cXWcesV2,TOYOTA Corolla,toyota,corolla,2015,10300000.0,8083000.0,-27.4,7,188291.0,local,Abule egba ,automatic,petrol,True,3.4000000953674316,False,https://autochek.africa/ng/car/1cXWcesV2
Autochek,-tbhTK5_y,TOYOTA Corolla,toyota,corolla,2015,13500000.0,12356000.0,-9.3,24,216021.0,foreign,,automatic,petrol,True,4,False,https://autochek.africa/ng/car/-tbhTK5_y
Autochek,hykIkpWLZ,TOYOTA Corolla,toyota,corolla,2015,13500000.0,15310000.0,11.8,24,14621.0,foreign,,automatic,petrol,False,3,False,https://autochek.africa/ng/car/hykIkpWLZ
Autochek,2Y0v_Wn8y,TOYOTA Corolla,toyota,corolla,2015,13500000.0,12599000.0,-7.2,24,198663.0,foreign,Amuwo-Odofin,automatic,petrol,False,3,False,https://autochek.africa/ng/car/2Y0v_Wn8y
Autochek,rN3-GSwWv,TOYOTA Corolla,toyota,corolla,2015,13500000.0,13277000.0,-1.7,24,150205.0,foreign,Gwarinpa,automatic,petrol,False,3,False,https://autochek.africa/ng/car/rN3-GSwWv
Autochek,oVMDHKvp-,TOYOTA Corolla,toyota,corolla,2015,14000000.0,13226000.0,-5.9,24,153860.0,foreign,Lagos ,automatic,petrol,True,4,False,https://autochek.africa/ng/car/oVMDHKvp-
Autochek,OJnWUsO0K,TOYOTA Corolla,toyota,corolla,2015,14000000.0,14135000.0,1.0,24,98585.0,foreign,Ogba,automatic,petrol,True,3.9000000953674316,False,https://autochek.africa/ng/car/OJnWUsO0K
Autochek,tiEY0FOqe,TOYOTA Corolla,toyota,corolla,2015,15000000.0,15445000.0,2.9,24,5000.0,foreign,Abuja ,automatic,petrol,False,3,False,https://autochek.africa/ng/car/tiEY0FOqe
Autochek,KYWR67Jcf,TOYOTA Corolla,toyota,corolla,2015,15500000.0,14000000.0,-10.7,24,,foreign,Alimosho,automatic,petrol,False,3,False,https://autochek.africa/ng/car/KYWR67Jcf
Autochek,FgHLxGM-E,TOYOTA Corolla,toyota,corolla,2015,15500000.0,14563000.0,-6.4,24,68000.0,foreign,Kubuwa Expressway,automatic,petrol,False,3,False,https://autochek.africa/ng/car/FgHLxGM-E
Autochek,GXWYoiBSp,TOYOTA Corolla,toyota,corolla,2016,9000000.0,,,0,107357.0,local,Abule Egba,automatic,petrol,False,3,False,https://autochek.africa/ng/car/GXWYoiBSp
Autochek,aouCzrMOn,TOYOTA Corolla,toyota,corolla,2016,10700000.0,,,0,171895.0,local,,automatic,petrol,False,3,False,https://autochek.africa/ng/car/aouCzrMOn
Autochek,rfiw18up7,TOYOTA Corolla,toyota,corolla,2016,12500000.0,15626000.0,20.0,18,10000.0,foreign,Central Business Dis,automatic,petrol,False,3,False,https://autochek.africa/ng/car/rfiw18up7
Autochek,8tOOIYfaR,TOYOTA Corolla,toyota,corolla,2016,12700000.0,14262000.0,11.0,18,92935.0,foreign,Lagos ,automatic,petrol,False,3,False,https://autochek.africa/ng/car/8tOOIYfaR
Autochek,hDEcGQu4b,TOYOTA Corolla,toyota,corolla,2016,13000000.0,15539000.0,16.3,18,16000.0,foreign,ikeja,automatic,petrol,False,3,False,https://autochek.africa/ng/car/hDEcGQu4b
Autochek,DAsrSeVmk,TOYOTA Corolla,toyota,corolla,2016,15000000.0,14156000.0,-6.0,18,76544.0,foreign,Gwarinpa,automatic,petrol,False,3,False,https://autochek.africa/ng/car/DAsrSeVmk
Autochek,ztJUMTta2,TOYOTA Corolla,toyota,corolla,2016,16000000.0,14000000.0,-14.3,18,,foreign,abuja,automatic,petrol,False,3,False,https://autochek.africa/ng/car/ztJUMTta2
Autochek,_LN2C9O5y,TOYOTA Corolla,toyota,corolla,2016,17000000.0,14000000.0,-21.4,18,,foreign,Lagos ,automatic,petrol,False,3,False,https://autochek.africa/ng/car/_LN2C9O5y
Autochek,qtkdpioLC,TOYOTA Corolla,toyota,corolla,2016,22000000.0,13812000.0,-59.3,18,90000.0,foreign,Berger,automatic,petrol,False,3,False,https://autochek.africa/ng/car/qtkdpioLC
Autochek,4fwlBtn-B,TOYOTA Corolla,toyota,corolla,2017,13000000.0,15651000.0,16.9,11,87654.0,foreign,Gwarimpa ,cvt,petrol,False,3,False,https://autochek.africa/ng/car/4fwlBtn-B
Autochek,LQ5j3z6jp,TOYOTA Corolla,toyota,corolla,2017,17500000.0,15062000.0,-16.2,11,66666.0,foreign,Oshodi-Isolo,cvt,petrol,False,3,False,https://autochek.africa/ng/car/LQ5j3z6jp
Autochek,rQwOASHdt,TOYOTA Corolla,toyota,corolla,2017,19800000.0,15098000.0,-31.1,11,65053.0,foreign,Amuwo-Odofin,cvt,petrol,False,3,False,https://autochek.africa/ng/car/rQwOASHdt
Carlots,i15745,2018 UPGRADED TOYOTA COROLLA S,toyota,corolla,2018,12800000.0,17500000.0,26.9,5,,,,,,False,,False,https://carlots.ng/2018-upgraded-toyota-corolla-s_i15745.html
Autochek,B9puN7ViC,TOYOTA Corolla,toyota,corolla,2018,19000000.0,15500000.0,-22.6,5,13330.0,foreign,Gwarinpa,automatic,petrol,False,3,False,https://autochek.africa/ng/car/B9puN7ViC
Autochek,fREMlIiJa,TOYOTA Corolla,toyota,corolla,2019,15500000.0,,,0,150000.0,foreign,Ikorodu Road,automatic,petrol,False,3,False,https://autochek.africa/ng/car/fREMlIiJa
Autochek,OTb3SrW2m,TOYOTA Corolla,toyota,corolla,2020,21000000.0,,,0,25615.0,foreign,"Aguda, Surulere",automatic,petrol,False,3,False,https://autochek.africa/ng/car/OTb3SrW2m
Autochek,pnqI0eTIS,TOYOTA Corolla,toyota,corolla,2020,22500000.0,,,0,,foreign,Abule egba ,automatic,petrol,False,3,False,https://autochek.africa/ng/car/pnqI0eTIS
Autochek,Sd8mLVUil,TOYOTA Corolla,toyota,corolla,2021,24500000.0,25000000.0,2.0,5,110631.0,foreign,CBD,cvt,petrol,False,3,False,https://autochek.africa/ng/car/Sd8mLVUil
Autochek,8zLiqoFR_,TOYOTA Corolla,toyota,corolla,2021,25000000.0,24500000.0,-2.0,5,89796.0,foreign,Gwarinpa,automatic,petrol,False,3,False,https://autochek.africa/ng/car/8zLiqoFR_
Autochek,ABe40pQAl,TOYOTA Corolla,toyota,corolla,2022,25500000.0,,,0,142414.0,foreign,,automatic,petrol,False,3,False,https://autochek.africa/ng/cars-for-sale/toyota/corolla/ABe40pQAl
Autochek,fIYCSmaTd,TOYOTA Corolla,toyota,corolla,2022,27500000.0,,,0,,foreign,Idimu,automatic,petrol,False,3,False,https://autochek.africa/ng/car/fIYCSmaTd
Autochek,h4MIUfDed,TOYOTA Corolla iM,toyota,corolla,2025,65000000.0,,,0,4370.0,new,CBD,automatic,petrol,False,4.5,False,https://autochek.africa/ng/car/h4MIUfDed
Autochek,vYSVjnEF2,TOYOTA Grand Highlander,toyota,grand,2024,79000000.0,,,0,35629.0,foreign,,automatic,petrol,False,4.5,False,https://autochek.africa/ng/cars-for-sale/toyota/grand-highlander/vYSVjnEF2
Autochek,nxJ9a31zj,TOYOTA Grand Highlander,toyota,grand,2024,100000000.0,,,0,44980.0,foreign,Ojo,automatic,petrol,True,4.199999809265137,False,https://autochek.africa/ng/car/nxJ9a31zj
Autochek,yG0sgXgI4,TOYOTA Grand Highlander,toyota,grand,2024,118000000.0,,,0,1234.0,foreign,,automatic,petrol,False,3,False,https://autochek.africa/ng/car/yG0sgXgI4
Autochek,pej3d-Bgd,TOYOTA Grand Highlander,toyota,grand,2024,120000000.0,,,0,234645.0,foreign,,automatic,petrol,False,3,False,https://autochek.africa/ng/car/pej3d-Bgd
Autochek,RGJt4oBKg,TOYOTA Grand Highlander,toyota,grand,2025,120000000.0,,,0,9830.0,new,Gwarinpa,cvt,petrol,False,4.5,False,https://autochek.africa/ng/car/RGJt4oBKg
Autochek,b-7rX3OHl,TOYOTA Hiace,toyota,hiace,2008,23000000.0,,,0,10342.0,foreign,Lagos,automatic,petrol,False,3,False,https://autochek.africa/ng/car/b-7rX3OHl
Autochek,m0ckBLr5F,TOYOTA Hiace,toyota,hiace,2025,215000000.0,,,0,23.0,new,Victoria Island,automatic,petrol,False,4.5,False,https://autochek.africa/ng/car/m0ckBLr5F
Autochek,WQnMzrzmc,TOYOTA Highlander,toyota,highlander,2004,10000000.0,,,0,1000.0,foreign,Alimosho,automatic,petrol,False,3,False,https://autochek.africa/ng/car/WQnMzrzmc
Autochek,Lbnrq0koz,TOYOTA Highlander,toyota,highlander,2005,5500000.0,,,0,200000.0,local,abuja,automatic,petrol,False,3,False,https://autochek.africa/ng/car/Lbnrq0koz
Autochek,jEVGo6Gk4,TOYOTA Highlander,toyota,highlander,2006,8000000.0,,,0,95285.0,foreign,,duplex,petrol,False,3,False,https://autochek.africa/ng/car/jEVGo6Gk4
Autochek,Q04Kuog_0,TOYOTA Highlander,toyota,highlander,2008,6000000.0,,,0,89000.0,local,Alimosho,automatic,petrol,False,3,False,https://autochek.africa/ng/car/Q04Kuog_0
Autochek,DGsE5eAm8,TOYOTA Highlander,toyota,highlander,2008,11000000.0,,,0,10000.0,local,Sabo Yaba,automatic,petrol,False,3,False,https://autochek.africa/ng/car/DGsE5eAm8
Autochek,Hs_mq1uUo,TOYOTA Highlander,toyota,highlander,2008,12000000.0,15500000.0,22.6,5,87000.0,foreign,Ojodu berger,automatic,petrol,False,3,False,https://autochek.africa/ng/cars-for-sale/toyota/highlander/Hs_mq1uUo
Autochek,MECEzD3QQ,TOYOTA Highlander,toyota,highlander,2008,14500000.0,15500000.0,6.5,5,,foreign,Lagos ,automatic,petrol,False,3,False,https://autochek.africa/ng/car/MECEzD3QQ
Autochek,xiXQkcJn5,TOYOTA Highlander,toyota,highlander,2008,15500000.0,15500000.0,0.0,5,115375.0,foreign,Gbagada,automatic,petrol,False,3,False,https://autochek.africa/ng/cars-for-sale/toyota/highlander/xiXQkcJn5
Autochek,opsz8mmDb,TOYOTA Highlander,toyota,highlander,2008,15500000.0,15500000.0,0.0,5,70000.0,foreign,,automatic,petrol,False,3,False,https://autochek.africa/ng/car/opsz8mmDb
Autochek,2Elsm5dka,TOYOTA Highlander,toyota,highlander,2008,15800000.0,15500000.0,-1.9,5,1234.0,foreign,,automatic,petrol,False,3,False,https://autochek.africa/ng/car/2Elsm5dka
Autochek,2TQ7f3HJm,TOYOTA Highlander,toyota,highlander,2009,12000000.0,,,0,177987.0,local,Idimu,automatic,petrol,True,3,False,https://autochek.africa/ng/car/2TQ7f3HJm
Autochek,pFbx_iGHs,TOYOTA Highlander,toyota,highlander,2009,12500000.0,,,0,,local,Idimu,automatic,petrol,False,3,False,https://autochek.africa/ng/car/pFbx_iGHs
Autochek,32AjxhP-p,TOYOTA Highlander,toyota,highlander,2009,15500000.0,15330000.0,-1.1,6,65000.0,foreign,Kubuwa Expressway,automatic,petrol,False,3,False,https://autochek.africa/ng/car/32AjxhP-p
Autochek,pGzhr_EeO,TOYOTA Highlander,toyota,highlander,2010,16.0,14800000.0,100.0,5,80000.0,foreign,Agege,automatic,petrol,False,3,False,https://autochek.africa/ng/cars-for-sale/toyota/highlander/pGzhr_EeO
Autochek,Ucp_N1Sg0,TOYOTA Highlander,toyota,highlander,2010,11000000.0,,,0,189543.0,foreign,Surulere,automatic,petrol,False,3,False,https://autochek.africa/ng/car/Ucp_N1Sg0
Autochek,M_qw8i3sk,TOYOTA Highlander,toyota,highlander,2011,11500000.0,11493000.0,-0.1,5,139738.0,local,Ogudu,automatic,petrol,True,2.299999952316284,False,https://autochek.africa/ng/car/M_qw8i3sk
Autochek,-SIX8jfoF,TOYOTA Highlander,toyota,highlander,2011,12000000.0,11439000.0,-4.9,5,102771.0,local,Isolo,automatic,petrol,True,3.700000047683716,False,https://autochek.africa/ng/car/-SIX8jfoF
Autochek,6OLfdBXpo,TOYOTA Highlander,toyota,highlander,2011,13000000.0,15475000.0,16.0,8,249691.0,foreign,lekki,automatic,petrol,True,3.4000000953674316,False,https://autochek.africa/ng/car/6OLfdBXpo
Autochek,I_srL_ZJr,TOYOTA Highlander,toyota,highlander,2011,13000000.0,12589000.0,-3.3,5,7200.0,local,,automatic,petrol,False,3,False,https://autochek.africa/ng/car/I_srL_ZJr
Autochek,tEiYfNfDS,TOYOTA Highlander,toyota,highlander,2011,14800000.0,17830000.0,17.0,8,121503.0,foreign,Anthony,automatic,petrol,True,3.799999952316284,False,https://autochek.africa/ng/car/tEiYfNfDS
Autochek,hYerkySiv,TOYOTA Highlander,toyota,highlander,2011,18000000.0,17500000.0,-2.9,8,,foreign,Idimu,automatic,petrol,False,3,False,https://autochek.africa/ng/car/hYerkySiv
Autochek,BCYpG0jiI,TOYOTA Highlander,toyota,highlander,2012,11500000.0,12731000.0,9.7,6,83421.0,local,Ikota,automatic,petrol,True,3.4000000953674316,False,https://autochek.africa/ng/car/BCYpG0jiI
Autochek,PHcyQXz6s,TOYOTA Highlander,toyota,highlander,2012,11500000.0,12444000.0,7.6,6,101935.0,local,Surulere,automatic,petrol,True,2.0999999046325684,False,https://autochek.africa/ng/car/PHcyQXz6s
Autochek,NfH1QrU3F,TOYOTA Highlander,toyota,highlander,2012,15000000.0,11803000.0,-27.1,6,97453.0,local,,automatic,petrol,True,3.5,False,https://autochek.africa/ng/car/NfH1QrU3F
Autochek,nzaQCLvag,TOYOTA Highlander,toyota,highlander,2012,17500000.0,18250000.0,4.1,12,,foreign,Idimu,automatic,petrol,False,3,False,https://autochek.africa/ng/car/nzaQCLvag
Autochek,Aq5jQ6mcx,TOYOTA Highlander,toyota,highlander,2012,17500000.0,20527000.0,14.7,12,1234.0,foreign,,automatic,petrol,False,3,False,https://autochek.africa/ng/car/Aq5jQ6mcx
Autochek,K4hwOUFPf,TOYOTA Highlander,toyota,highlander,2012,18800000.0,18210000.0,-3.2,12,100080.0,foreign,Anthony,automatic,petrol,True,2.4000000953674316,False,https://autochek.africa/ng/car/K4hwOUFPf
Autochek,nfGYpOvi-,TOYOTA Highlander,toyota,highlander,2012,19000000.0,17750000.0,-7.0,12,,foreign,Lagos ,automatic,petrol,False,3,False,https://autochek.africa/ng/car/nfGYpOvi-
Autochek,GmnUMlGGV,TOYOTA Highlander,toyota,highlander,2012,21500000.0,17670000.0,-21.7,12,126000.0,foreign,Gwarinpa,automatic,petrol,False,3,False,https://autochek.africa/ng/car/GmnUMlGGV
Autochek,LA4d2zGvQ,TOYOTA Highlander,toyota,highlander,2013,11763120.0,20750000.0,43.3,14,,foreign,Ifako Agege,automatic,petrol,True,4.400000095367432,False,https://autochek.africa/ng/car/LA4d2zGvQ
Autochek,5MwyZ9hre,TOYOTA Highlander,toyota,highlander,2013,17000000.0,20750000.0,18.1,14,,foreign,Alimosho,automatic,petrol,False,3,False,https://autochek.africa/ng/car/5MwyZ9hre
Autochek,bN0XHVDwJ,TOYOTA Highlander,toyota,highlander,2013,18500000.0,19612000.0,5.7,14,150000.0,foreign,Mushin,automatic,petrol,False,3,False,https://autochek.africa/ng/car/bN0XHVDwJ
Autochek,NQD3fwxx0,TOYOTA Highlander,toyota,highlander,2013,20000000.0,16150000.0,-23.8,6,,local,Surulere,automatic,petrol,False,3,False,https://autochek.africa/ng/car/NQD3fwxx0
Autochek,DVI8XB4Gk,TOYOTA Highlander,toyota,highlander,2013,20500000.0,18903000.0,-8.4,14,150000.0,foreign,Igando,automatic,petrol,False,3,False,https://autochek.africa/ng/car/DVI8XB4Gk
Autochek,SSX68_wdg,TOYOTA Highlander,toyota,highlander,2013,21000000.0,20019000.0,-4.9,14,86452.0,foreign,,automatic,petrol,False,3,False,https://autochek.africa/ng/car/SSX68_wdg
Autochek,PGD1rAhnN,TOYOTA Highlander,toyota,highlander,2014,17300000.0,,,0,45553.0,local,,automatic,petrol,True,3.4000000953674316,False,https://autochek.africa/ng/car/PGD1rAhnN
Autochek,8QBUDv4N5,TOYOTA Highlander,toyota,highlander,2014,17500000.0,,,0,3000.0,local,,automatic,petrol,False,3,False,https://autochek.africa/ng/cars-for-sale/highlander/toyota/8QBUDv4N5
Autochek,Li4rUF_ya,TOYOTA Highlander,toyota,highlander,2014,24000000.0,23839000.0,-0.7,18,141627.0,foreign,Ago Palace road,automatic,petrol,False,3,False,https://autochek.africa/ng/car/Li4rUF_ya
Autochek,JH77CgRQG,TOYOTA Highlander,toyota,highlander,2014,25000000.0,27384000.0,8.7,18,1950.0,foreign,,automatic,petrol,False,3,False,https://autochek.africa/ng/car/JH77CgRQG
Autochek,kTpdxCunN,TOYOTA Highlander,toyota,highlander,2014,26000000.0,25000000.0,-4.0,18,,foreign,,automatic,petrol,False,3,False,https://autochek.africa/ng/cars-for-sale/toyota/highlander/kTpdxCunN
Autochek,C8dj4iPD_,TOYOTA Highlander,toyota,highlander,2014,26000000.0,24765000.0,-5.0,18,95152.0,foreign,Ibadan,automatic,petrol,True,3.700000047683716,False,https://autochek.africa/ng/car/C8dj4iPD_
Autochek,ZGD-GzJOX,TOYOTA Highlander,toyota,highlander,2014,26000000.0,,,0,80308.0,local,,automatic,petrol,True,3.4000000953674316,False,https://autochek.africa/ng/car/ZGD-GzJOX
Autochek,Lu4Xqbjcx,TOYOTA Highlander,toyota,highlander,2014,26000000.0,26911000.0,3.4,18,10000.0,foreign,Alimosho,automatic,petrol,False,3,False,https://autochek.africa/ng/car/Lu4Xqbjcx
Autochek,t5VK0TzqJ,TOYOTA Highlander,toyota,highlander,2015,13700000.0,20830000.0,34.2,6,98750.0,local,ikeja,automatic,petrol,False,3,False,https://autochek.africa/ng/car/t5VK0TzqJ
Autochek,ncoCGCdhZ,TOYOTA Highlander,toyota,highlander,2015,23460000.0,22445000.0,-4.5,21,220760.0,foreign,Ikotun,automatic,petrol,False,4,False,https://autochek.africa/ng/cars-for-sale/toyota/highlander/ncoCGCdhZ
Autochek,e1ILKzrUv,TOYOTA Highlander,toyota,highlander,2015,23500000.0,25633000.0,8.3,21,98179.0,foreign,Festac Town,automatic,petrol,False,3,False,https://autochek.africa/ng/car/e1ILKzrUv
Autochek,foYuTgs3r,TOYOTA Highlander,toyota,highlander,2015,25000000.0,28199000.0,11.3,21,1200.0,foreign,,automatic,petrol,False,3,False,https://autochek.africa/ng/car/foYuTgs3r
Autochek,JT9xrjBGD,TOYOTA Highlander,toyota,highlander,2015,25500000.0,25955000.0,1.8,21,85761.0,foreign,Agege,automatic,petrol,True,3.9000000953674316,False,https://autochek.africa/ng/car/JT9xrjBGD
Autochek,PsJpFTurj,TOYOTA Highlander,toyota,highlander,2015,25800000.0,26000000.0,0.8,21,,foreign,Surulere,automatic,petrol,True,4.300000190734863,False,https://autochek.africa/ng/car/PsJpFTurj
Autochek,pJSBCGzXj,TOYOTA Highlander,toyota,highlander,2015,26000000.0,26000000.0,0.0,21,,foreign,Festac Town,automatic,petrol,False,3,False,https://autochek.africa/ng/cars-for-sale/toyota/highlander/pJSBCGzXj
Autochek,21JDQk-zT,TOYOTA Highlander,toyota,highlander,2015,26000000.0,27909000.0,6.8,21,12342.0,foreign,,automatic,petrol,False,3,False,https://autochek.africa/ng/car/21JDQk-zT
Autochek,v0txaJNx-,TOYOTA Highlander,toyota,highlander,2015,27000000.0,26045000.0,-3.7,21,84048.0,foreign,Igando,automatic,petrol,True,4.099999904632568,False,https://autochek.africa/ng/car/v0txaJNx-
Autochek,mhRMXwjbD,TOYOTA Highlander,toyota,highlander,2015,27000000.0,26332000.0,-2.5,21,73000.0,foreign,,automatic,petrol,False,3,False,https://autochek.africa/ng/car/mhRMXwjbD
Autochek,mvjPPB1rn,TOYOTA Highlander,toyota,highlander,2016,18000000.0,,,0,40196.0,local,Isolo,automatic,petrol,True,2.5,False,https://autochek.africa/ng/car/mvjPPB1rn
Autochek,k-htWC6zQ,TOYOTA Highlander,toyota,highlander,2016,18500000.0,28582000.0,35.3,22,7200.0,foreign,,automatic,petrol,False,3,False,https://autochek.africa/ng/cars-for-sale/toyota/highlander/k-htWC6zQ
Autochek,YhVKerRPz,TOYOTA Highlander,toyota,highlander,2016,24000000.0,26500000.0,9.4,22,,foreign,Alimosho,automatic,petrol,True,4.400000095367432,False,https://autochek.africa/ng/car/YhVKerRPz
Autochek,fq3vbAx7g,TOYOTA Highlander,toyota,highlander,2016,25500000.0,26500000.0,3.8,22,,foreign,Idimu,automatic,petrol,False,3,False,https://autochek.africa/ng/car/fq3vbAx7g
Autochek,7rN5f83TU,TOYOTA Highlander,toyota,highlander,2016,26000000.0,25854000.0,-0.6,22,108435.0,foreign,Lagos ,automatic,petrol,False,3,False,https://autochek.africa/ng/car/7rN5f83TU
Autochek,tYKpbe9Pk,TOYOTA Highlander,toyota,highlander,2016,26000000.0,26183000.0,0.7,22,96000.0,foreign,Ikorodu Road,automatic,petrol,False,3,False,https://autochek.africa/ng/car/tYKpbe9Pk
Autochek,1eMJwqp6t,TOYOTA Highlander,toyota,highlander,2016,27000000.0,26670000.0,-1.2,22,60000.0,foreign,Surulere,automatic,petrol,False,3,False,https://autochek.africa/ng/cars-for-sale/toyota/highlander/1eMJwqp6t
Autochek,r4Czv_crj,TOYOTA Highlander,toyota,highlander,2016,29000000.0,25765000.0,-12.6,22,93085.0,foreign,Lekki,automatic,petrol,True,2.299999952316284,False,https://autochek.africa/ng/car/r4Czv_crj
Autochek,etuOfko8T,TOYOTA Highlander,toyota,highlander,2016,29500000.0,,,0,130000.0,local,Ikorodu Road,automatic,petrol,False,3,False,https://autochek.africa/ng/car/etuOfko8T
Carlots,i15301,FOREIGN USED 2016 TOYOTA HIGHLANDER LIMITED,toyota,highlander,2016,32500000.0,26000000.0,-25.0,25,,,,,,False,,False,https://carlots.ng/foreign-used-2016-toyota-highlander-limited_i15301.html
Autochek,quOwdESo1,TOYOTA Highlander,toyota,highlander,2017,27000000.0,33726000.0,19.9,19,7200.0,foreign,,automatic,petrol,False,3,False,https://autochek.africa/ng/car/quOwdESo1
Autochek,3myhCefKY,TOYOTA Highlander,toyota,highlander,2017,33000000.0,29396000.0,-12.3,19,47474.0,foreign,abuja,automatic,petrol,False,3,False,https://autochek.africa/ng/car/3myhCefKY
Autochek,WWhDgWIYD,TOYOTA Highlander,toyota,highlander,2017,35000000.0,27491000.0,-27.3,19,108654.0,foreign,Gwarimpa ,automatic,petrol,False,3,False,https://autochek.africa/ng/car/WWhDgWIYD
Autochek,nNUPXqM_Y,TOYOTA Highlander,toyota,highlander,2017,35000000.0,27628000.0,-26.7,19,103938.0,foreign,,automatic,electric,False,3,False,https://autochek.africa/ng/car/nNUPXqM_Y
Autochek,dLQxLarqs,TOYOTA Highlander,toyota,highlander,2017,37000000.0,26292000.0,-40.7,19,150000.0,foreign,Lagos,automatic,petrol,False,3,False,https://autochek.africa/ng/car/dLQxLarqs
Autochek,_lpVHFqi8,TOYOTA Highlander,toyota,highlander,2017,38000000.0,30483000.0,-24.7,19,10000.0,foreign,Lagos ,automatic,petrol,False,3,False,https://autochek.africa/ng/car/_lpVHFqi8
Autochek,Q2ifaHASF,TOYOTA Highlander,toyota,highlander,2018,28500000.0,35316000.0,19.3,15,53249.0,foreign,Gwarinpa,automatic,petrol,False,3,False,https://autochek.africa/ng/car/Q2ifaHASF
Autochek,CGlt8Kipy,TOYOTA Highlander,toyota,highlander,2018,28500000.0,35316000.0,19.3,15,53249.0,foreign,Gwarinpa,automatic,petrol,False,3,False,https://autochek.africa/ng/car/CGlt8Kipy
Autochek,1xBNLyg8d,TOYOTA Highlander,toyota,highlander,2018,32000000.0,33847000.0,5.5,15,86188.0,foreign,,automatic,petrol,True,4.099999904632568,False,https://autochek.africa/ng/car/1xBNLyg8d
Autochek,Jv8PCAKD8,TOYOTA Highlander,toyota,highlander,2018,33000000.0,34684000.0,4.9,15,62274.0,foreign,,automatic,petrol,False,3,False,https://autochek.africa/ng/car/Jv8PCAKD8
Autochek,aFN6pjvf0,TOYOTA Highlander,toyota,highlander,2018,38000000.0,33405000.0,-13.8,15,50000.0,foreign,Surulere,automatic,petrol,False,3,False,https://autochek.africa/ng/car/aFN6pjvf0
Autochek,VE5t-uCss,TOYOTA Highlander,toyota,highlander,2018,38000000.0,34725000.0,-9.4,15,10000.0,foreign,Lagos,automatic,petrol,False,3,False,https://autochek.africa/ng/cars-for-sale/toyota/highlander/VE5t-uCss
Autochek,82DvJgt69,TOYOTA Highlander,toyota,highlander,2019,32000000.0,37014000.0,13.5,17,100170.0,foreign,,automatic,petrol,True,4.099999904632568,False,https://autochek.africa/ng/car/82DvJgt69
Autochek,2Eb6dGZLM,TOYOTA Highlander,toyota,highlander,2019,33000000.0,40810000.0,19.1,17,16000.0,foreign,,automatic,petrol,False,3,False,https://autochek.africa/ng/car/2Eb6dGZLM
Autochek,cIyvAuytJ,TOYOTA Highlander,toyota,highlander,2019,35000000.0,36699000.0,4.6,17,108463.0,foreign,Lagos ,automatic,petrol,True,4.199999809265137,False,https://autochek.africa/ng/car/cIyvAuytJ
Autochek,X_qhqVV95,TOYOTA Highlander,toyota,highlander,2019,38000000.0,36553000.0,-4.0,17,112299.0,foreign,Lagos,automatic,petrol,True,4.199999809265137,False,https://autochek.africa/ng/car/X_qhqVV95
Autochek,gAx6_VFPM,TOYOTA Highlander,toyota,highlander,2020,45000000.0,53528000.0,15.9,16,12345.0,foreign,,automatic,petrol,False,3,False,https://autochek.africa/ng/car/gAx6_VFPM
Autochek,MPxmMI-ip,TOYOTA Highlander,toyota,highlander,2020,48000000.0,48309000.0,0.6,16,116059.0,foreign,Gwarimpa ,automatic,petrol,False,3,False,https://autochek.africa/ng/car/MPxmMI-ip
Autochek,SijKn3ySp,TOYOTA Highlander,toyota,highlander,2020,48500000.0,48463000.0,-0.1,16,112944.0,foreign,Okota,automatic,petrol,False,3,False,https://autochek.africa/ng/car/SijKn3ySp
Autochek,ZBkWeQgWW,TOYOTA Highlander,toyota,highlander,2020,49000000.0,49250000.0,0.5,16,,foreign,Egbeda,automatic,petrol,False,3,False,https://autochek.africa/ng/car/ZBkWeQgWW
Autochek,HzNWZUeuB,TOYOTA Highlander,toyota,highlander,2020,50000000.0,46752000.0,-6.9,16,132977.0,foreign,Lagos ,automatic,petrol,True,4.199999809265137,False,https://autochek.africa/ng/car/HzNWZUeuB
Autochek,TCtGiR-BT,TOYOTA Highlander,toyota,highlander,2020,55000000.0,52539000.0,-4.7,16,16000.0,foreign,ikeja,automatic,petrol,False,3,False,https://autochek.africa/ng/car/TCtGiR-BT
Autochek,j6gz3jsLI,TOYOTA Highlander,toyota,highlander,2020,60000000.0,48666000.0,-23.3,16,93715.0,foreign,Isolo,automatic,petrol,False,3,False,https://autochek.africa/ng/car/j6gz3jsLI
Autochek,osH96AqZ5,TOYOTA Highlander,toyota,highlander,2020,68000000.0,47010000.0,-44.6,16,127686.0,foreign,Gwarinpa,automatic,petrol,False,3,False,https://autochek.africa/ng/car/osH96AqZ5
Autochek,JtaBGOjFp,TOYOTA Highlander,toyota,highlander,2021,44000000.0,56963000.0,22.8,16,1234.0,foreign,,automatic,petrol,False,3,False,https://autochek.africa/ng/car/JtaBGOjFp
Autochek,fPV2X5SKR,TOYOTA Highlander,toyota,highlander,2021,51000000.0,55279000.0,7.7,16,33000.0,foreign,Ibeju-Lekki,automatic,petrol,False,3,False,https://autochek.africa/ng/car/fPV2X5SKR
Autochek,Igz-5bUww,TOYOTA Highlander,toyota,highlander,2021,52500000.0,50774000.0,-3.4,16,92000.0,foreign,Ijegun Ikotun,automatic,petrol,False,3,False,https://autochek.africa/ng/car/Igz-5bUww
Autochek,L83Kq2vkX,TOYOTA Highlander,toyota,highlander,2021,53000000.0,55462000.0,4.4,16,24581.0,foreign,Lekki,automatic,petrol,False,3,False,https://autochek.africa/ng/car/L83Kq2vkX
Autochek,1VJiG1Pi9,TOYOTA Highlander,toyota,highlander,2021,59000000.0,56390000.0,-4.6,16,7000.0,foreign,Gwarinpa,automatic,petrol,False,3,False,https://autochek.africa/ng/car/1VJiG1Pi9
Autochek,zgCjUrYGt,TOYOTA Highlander,toyota,highlander,2022,53000000.0,54568000.0,2.9,10,50000.0,foreign,,automatic,petrol,False,3,False,https://autochek.africa/ng/car/zgCjUrYGt
Autochek,tf7UO6hl7,TOYOTA Highlander,toyota,highlander,2022,64000000.0,55134000.0,-16.1,10,1234.0,foreign,,automatic,petrol,False,3,False,https://autochek.africa/ng/car/tf7UO6hl7
Autochek,D2z7Sm0Fk,TOYOTA Highlander,toyota,highlander,2022,65000000.0,50498000.0,-28.7,10,76000.0,foreign,Gwarinpa,automatic,petrol,False,3,False,https://autochek.africa/ng/car/D2z7Sm0Fk
Autochek,O4yAIopZO,TOYOTA Highlander,toyota,highlander,2022,70000000.0,46576000.0,-50.3,10,150000.0,foreign,Abule Egba,automatic,petrol,False,3,False,https://autochek.africa/ng/car/O4yAIopZO
Autochek,qnosScw01,TOYOTA Highlander,toyota,highlander,2023,46000000.0,67648000.0,32.0,5,19000.0,foreign,Lagos,automatic,petrol,False,3,False,https://autochek.africa/ng/car/qnosScw01
Autochek,rWzo1YuOT,TOYOTA Highlander,toyota,highlander,2023,58500000.0,59489000.0,1.7,5,120478.0,foreign,Lekki Ajah,automatic,petrol,False,3,False,https://autochek.africa/ng/car/rWzo1YuOT
Autochek,2HTgq7Ary,TOYOTA Highlander,toyota,highlander,2024,75000000.0,,,0,6214.0,local,Gwarinpa,automatic,petrol,False,4.5,False,https://autochek.africa/ng/car/2HTgq7Ary
Autochek,yc_Qc35YS,TOYOTA Hilux,toyota,hilux,2014,38500000.0,,,0,36207.0,local,Agidingbi,automatic,petrol,True,3.9000000953674316,False,https://autochek.africa/ng/car/yc_Qc35YS
Autochek,qOWzGnYS-,TOYOTA Hilux,toyota,hilux,2020,85000000.0,,,0,139000.0,foreign,Isolo,automatic,petrol,False,3,False,https://autochek.africa/ng/car/qOWzGnYS-
Autochek,4N7usLlky,TOYOTA Hilux,toyota,hilux,2021,85000000.0,,,0,26525.0,foreign,Isolo,automatic,petrol,False,3,False,https://autochek.africa/ng/car/4N7usLlky
Autochek,WEIeSBYNb,TOYOTA Hilux,toyota,hilux,2023,70000000.0,,,0,69065.0,foreign,Berger,automatic,petrol,False,3,False,https://autochek.africa/ng/car/WEIeSBYNb
Autochek,Ss4tJRo2x,TOYOTA Hilux,toyota,hilux,2023,88000000.0,,,0,829.0,foreign,"Ikate, Lekki",automatic,petrol,False,3,False,https://autochek.africa/ng/car/Ss4tJRo2x
Autochek,ltpfZ9PB1,TOYOTA Hilux,toyota,hilux,2025,65000000.0,,,0,144.0,new,Gwarinpa,automatic,petrol,False,4.5,False,https://autochek.africa/ng/car/ltpfZ9PB1
Autochek,z0AtoQMUJ,TOYOTA Hilux,toyota,hilux,2025,65000000.0,,,0,3000.0,new,Gwarinpa,automatic,petrol,False,4.5,False,https://autochek.africa/ng/car/z0AtoQMUJ
Autochek,XO1_6wleu,TOYOTA Hilux,toyota,hilux,2025,75000000.0,,,0,13722.0,new,Ikeja ,automatic,petrol,True,5,False,https://autochek.africa/ng/car/XO1_6wleu
Autochek,Qd3gScswG,TOYOTA Hilux,toyota,hilux,2025,110000000.0,,,0,95.0,new,,automatic,petrol,True,4.599999904632568,False,https://autochek.africa/ng/car/Qd3gScswG
Autochek,lPVRucGWV,TOYOTA Land Cruiser,toyota,land cruiser,2015,30000000.0,,,0,165598.0,foreign,Gwarinpa,automatic,petrol,False,3,False,https://autochek.africa/ng/car/lPVRucGWV
Autochek,11JUj4Vse,TOYOTA Land Cruiser,toyota,land cruiser,2016,27000000.0,,,0,43000.0,local,Ilupeju,automatic,petrol,False,3,False,https://autochek.africa/ng/car/11JUj4Vse
Autochek,9j7Qyr4tm,TOYOTA Land Cruiser,toyota,land cruiser,2021,75000000.0,,,0,7200.0,foreign,,automatic,petrol,False,3,False,https://autochek.africa/ng/car/9j7Qyr4tm
Autochek,a3uTHdus3,TOYOTA Land Cruiser,toyota,land cruiser,2021,135000000.0,,,0,1234.0,foreign,,automatic,petrol,False,3,False,https://autochek.africa/ng/car/a3uTHdus3
Autochek,TJpxs-Fx2,TOYOTA Land Cruiser,toyota,land cruiser,2025,115000000.0,,,0,7200.0,foreign,,automatic,petrol,False,3,False,https://autochek.africa/ng/car/TJpxs-Fx2
Autochek,jV_Ac_0d0,TOYOTA LANDCRUISER GR-S,toyota,landcruiser,2014,38000000.0,,,0,80912.0,local,Gowon Estate,automatic,petrol,False,3,False,https://autochek.africa/ng/car/jV_Ac_0d0
Autochek,myqCOEuNi,TOYOTA Prado,toyota,prado,2012,25000000.0,,,0,116040.0,local,Lekki Phase 1,automatic,petrol,True,3.9000000953674316,False,https://autochek.africa/ng/car/myqCOEuNi
Carlots,i19249,Clean standard 2005 Toyota Rav4,toyota,rav4,2005,5700000.0,,,0,,,,,,False,,False,https://carlots.ng/clean-standard-2005-toyota-rav4_i19249.html
Autochek,fw4OFq9oz,TOYOTA Rav4,toyota,rav4,2007,10000000.0,,,0,15712.0,foreign,,automatic,petrol,False,3,False,https://autochek.africa/ng/car/fw4OFq9oz
Autochek,Jv2HqGthl,TOYOTA RAV4,toyota,rav4,2008,7000000.0,,,0,76000.0,local,Alimosho,automatic,petrol,False,3,False,https://autochek.africa/ng/car/Jv2HqGthl
Autochek,MDNMnEHT2,TOYOTA RAV4,toyota,rav4,2008,9000000.0,,,0,,foreign,Lagos,automatic,petrol,False,3,False,https://autochek.africa/ng/car/MDNMnEHT2
Autochek,6iqmPnDNA,TOYOTA RAV 4,toyota,rav4,2008,9000000.0,,,0,50000.0,local,,automatic,petrol,False,3,False,https://autochek.africa/ng/car/6iqmPnDNA
Autochek,cwfimVoNF,TOYOTA Rav4,toyota,rav4,2008,13000000.0,,,0,78867.0,foreign,Gwarimpa ,automatic,petrol,False,3,False,https://autochek.africa/ng/car/cwfimVoNF
Autochek,bzUajSMgJ,TOYOTA RAV 4,toyota,rav4,2008,14500000.0,,,0,129012.0,foreign,ikeja,automatic,petrol,False,3,False,https://autochek.africa/ng/car/bzUajSMgJ
Autochek,7kRMYsNwF,TOYOTA RAV 4,toyota,rav4,2010,7500000.0,,,0,259679.0,local,ikeja,automatic,petrol,True,3.200000047683716,False,https://autochek.africa/ng/car/7kRMYsNwF
Autochek,KU2uB1zOk,TOYOTA RAV 4,toyota,rav4,2011,13000000.0,,,0,108677.0,foreign,Surulere,automatic,petrol,True,3.799999952316284,False,https://autochek.africa/ng/car/KU2uB1zOk
Autochek,kM2_qQlyL,TOYOTA RAV4,toyota,rav4,2011,13500000.0,,,0,131102.0,foreign,,automatic,petrol,True,3.5999999046325684,False,https://autochek.africa/ng/car/kM2_qQlyL
Autochek,4msP5Hlde,TOYOTA RAV4,toyota,rav4,2012,15000000.0,20484000.0,26.8,7,12345.0,foreign,,automatic,petrol,False,3,False,https://autochek.africa/ng/car/4msP5Hlde
Autochek,HCTQBcuEg,TOYOTA RAV4,toyota,rav4,2012,24000000.0,18000000.0,-33.3,7,,foreign,Kubwa Express,automatic,petrol,False,3,False,https://autochek.africa/ng/car/HCTQBcuEg
Autochek,I35EbtJuL,TOYOTA RAV4,toyota,rav4,2013,13000000.0,,,0,178654.0,local,Gwarinpa,automatic,petrol,False,3,False,https://autochek.africa/ng/car/I35EbtJuL
Autochek,NFhWiQKKR,TOYOTA RAV 4,toyota,rav4,2013,18000000.0,20190000.0,10.8,10,73000.0,foreign,Ijegun Ikotun,automatic,petrol,False,3,False,https://autochek.africa/ng/car/NFhWiQKKR
Autochek,SGBzK0jT7,TOYOTA RAV 4,toyota,rav4,2013,19000000.0,19737000.0,3.7,10,90456.0,foreign,,automatic,petrol,False,3,False,https://autochek.africa/ng/car/SGBzK0jT7
Autochek,Oeolm7t7f,TOYOTA Rav4,toyota,rav4,2013,19000000.0,21336000.0,10.9,10,15711.0,foreign,,automatic,petrol,False,3,False,https://autochek.africa/ng/car/Oeolm7t7f
Autochek,af1SckyBZ,TOYOTA RAV4,toyota,rav4,2013,22000000.0,19500000.0,-12.8,10,,foreign,Kubwa Express,automatic,petrol,False,3,False,https://autochek.africa/ng/car/af1SckyBZ
Autochek,GC7hdyXMg,TOYOTA RAV 4,toyota,rav4,2014,16000000.0,20390000.0,21.5,14,64912.0,foreign,Gwarinpa,automatic,petrol,False,3,False,https://autochek.africa/ng/car/GC7hdyXMg
Autochek,b69a8zKZ3,TOYOTA RAV4,toyota,rav4,2014,20000000.0,19556000.0,-2.3,14,81579.0,foreign,Ojota,automatic,petrol,False,3,False,https://autochek.africa/ng/car/b69a8zKZ3
Autochek,iPcnL74om,TOYOTA RAV 4,toyota,rav4,2014,20000000.0,17372000.0,-15.1,14,191600.0,foreign,Gwarinpa,automatic,petrol,False,3,False,https://autochek.africa/ng/car/iPcnL74om
Autochek,oXAnIvFwC,TOYOTA RAV4,toyota,rav4,2014,22500000.0,19502000.0,-15.4,14,83397.0,foreign,Agege,automatic,petrol,True,4.099999904632568,False,https://autochek.africa/ng/car/oXAnIvFwC
Autochek,cn-9b5MiT,TOYOTA RAV 4,toyota,rav4,2014,23500000.0,19373000.0,-21.3,14,89000.0,foreign,Agege,automatic,petrol,False,3,False,https://autochek.africa/ng/car/cn-9b5MiT
Autochek,OgYb1KMQK,TOYOTA RAV4,toyota,rav4,2015,15000000.0,20250000.0,25.9,14,,foreign,Abule-Egba/Aboru/Meiran/Alagbado,automatic,petrol,False,3,False,https://autochek.africa/ng/car/OgYb1KMQK
Autochek,32zgHbYpD,TOYOTA RAV4,toyota,rav4,2015,18500000.0,20248000.0,8.6,14,85461.0,foreign,Agege,automatic,petrol,False,3,False,https://autochek.africa/ng/car/32zgHbYpD
Autochek,dQJjOaxw2,TOYOTA RAV4,toyota,rav4,2015,19000000.0,17614000.0,-7.9,14,214598.0,foreign,Abule egba ,automatic,petrol,False,3,False,https://autochek.africa/ng/car/dQJjOaxw2
Autochek,L3bdWDCDI,TOYOTA RAV 4,toyota,rav4,2015,20000000.0,20380000.0,1.9,14,80000.0,foreign,Gwarimpa ,automatic,petrol,False,3,False,https://autochek.africa/ng/car/L3bdWDCDI
Autochek,_Fv0Zxmxr,TOYOTA RAV4,toyota,rav4,2015,20500000.0,21440000.0,4.4,14,14432.0,foreign,,automatic,petrol,False,3,False,https://autochek.africa/ng/car/_Fv0Zxmxr
Autochek,lNpsImaC1,TOYOTA RAV4,toyota,rav4,2015,23000000.0,19549000.0,-17.7,14,107000.0,foreign,Alimosho,automatic,petrol,True,4.400000095367432,False,https://autochek.africa/ng/car/lNpsImaC1
Autochek,WLHtpmh65,TOYOTA RAV 4,toyota,rav4,2016,18000000.0,,,0,137074.0,local,Ogba,automatic,petrol,True,3,False,https://autochek.africa/ng/car/WLHtpmh65
Autochek,EQ12U8Sth,TOYOTA RAV4,toyota,rav4,2016,20000000.0,21484000.0,6.9,11,50000.0,foreign,,automatic,petrol,False,3,False,https://autochek.africa/ng/car/EQ12U8Sth
Autochek,doRphAlIg,TOYOTA RAV4,toyota,rav4,2016,22000000.0,19787000.0,-11.2,11,98000.0,foreign,,automatic,petrol,False,3,False,https://autochek.africa/ng/car/doRphAlIg
Autochek,NIr3M8nqF,TOYOTA RAV4,toyota,rav4,2016,26000000.0,20213000.0,-28.6,11,87364.0,foreign,Surulere,automatic,petrol,False,3,False,https://autochek.africa/ng/cars-for-sale/toyota/rav-4/NIr3M8nqF
Autochek,lhtQdTx4o,TOYOTA RAV4,toyota,rav4,2016,26000000.0,20000000.0,-30.0,11,,foreign,Kubwa Express,automatic,petrol,False,3,False,https://autochek.africa/ng/car/lhtQdTx4o
Autochek,zJ7NBxKvn,TOYOTA RAV 4,toyota,rav4,2017,18000000.0,,,0,32000.0,local,,automatic,petrol,False,3,False,https://autochek.africa/ng/car/zJ7NBxKvn
Autochek,LZKvTnd7z,TOYOTA RAV 4,toyota,rav4,2017,20000000.0,23621000.0,15.3,8,132977.0,foreign,Ikeja/Ogba,automatic,petrol,True,4.400000095367432,False,https://autochek.africa/ng/car/LZKvTnd7z
Autochek,iHR0Xfah9,TOYOTA RAV4,toyota,rav4,2017,21000000.0,23769000.0,11.6,8,127000.0,foreign,Gwarinpa,automatic,petrol,False,3,False,https://autochek.africa/ng/car/iHR0Xfah9
Autochek,wkC24kGBe,TOYOTA RAV4,toyota,rav4,2018,23500000.0,25133000.0,6.5,5,128836.0,foreign,,automatic,petrol,True,4.099999904632568,False,https://autochek.africa/ng/car/wkC24kGBe
Autochek,guq1pfrWp,TOYOTA RAV4,toyota,rav4,2018,27000000.0,25310000.0,-6.7,5,50000.0,foreign,Surulere,automatic,petrol,False,3,False,https://autochek.africa/ng/car/guq1pfrWp
Autochek,iLnYoL-HF,TOYOTA RAV4,toyota,rav4,2018,27000000.0,26458000.0,-2.0,5,1108.0,foreign,,automatic,petrol,False,3,False,https://autochek.africa/ng/car/iLnYoL-HF
Autochek,pwr8wuiF3,TOYOTA RAV4,toyota,rav4,2019,25000000.0,,,0,76000.0,local,Lagos,automatic,petrol,False,3,False,https://autochek.africa/ng/car/pwr8wuiF3
Autochek,gnGsUJzv7,TOYOTA RAV4,toyota,rav4,2019,27000000.0,,,0,117889.0,local,Isolo,automatic,petrol,True,3.200000047683716,False,https://autochek.africa/ng/cars-for-sale/toyota/rav-4/gnGsUJzv7
Autochek,HIZnCc4nQ,TOYOTA RAV4,toyota,rav4,2019,38000000.0,,,0,59689.0,foreign,,automatic,petrol,False,3,False,https://autochek.africa/ng/car/HIZnCc4nQ
Autochek,3VUGBeOBj,TOYOTA RAV 4,toyota,rav4,2019,44000000.0,,,0,1234.0,local,,automatic,petrol,False,3,False,https://autochek.africa/ng/car/3VUGBeOBj
Autochek,OdOVmDLIl,TOYOTA RAV 4,toyota,rav4,2021,37500000.0,,,0,150000.0,foreign,Ipaja,automatic,petrol,False,3,False,https://autochek.africa/ng/car/OdOVmDLIl
Autochek,CahJfDBiK,TOYOTA RAV4,toyota,rav4,2022,36500000.0,,,0,15612.0,foreign,,automatic,petrol,False,3,False,https://autochek.africa/ng/cars-for-sale/toyota/rav4/CahJfDBiK
Autochek,JT-j33HDM,TOYOTA RAV4,toyota,rav4,2022,37000000.0,,,0,106543.0,foreign,Gwarimpa ,automatic,petrol,False,3,False,https://autochek.africa/ng/car/JT-j33HDM
Autochek,dsN7afJJt,TOYOTA RAV 4,toyota,rav4,2023,55000000.0,,,0,24647.0,foreign,,automatic,petrol,False,3,False,https://autochek.africa/ng/car/dsN7afJJt
Autochek,G-lzLH3p1,TOYOTA Sequoia,toyota,sequoia,2005,10000000.0,,,0,12345.0,local,,automatic,petrol,False,3,False,https://autochek.africa/ng/car/G-lzLH3p1
Autochek,jQdXs1zbD,TOYOTA Sequoia,toyota,sequoia,2011,20000000.0,,,0,76342.0,local,Lekki-Epe,automatic,petrol,False,3,False,https://autochek.africa/ng/car/jQdXs1zbD
Autochek,ZOWkMVN1H,TOYOTA Sienna,toyota,sienna,2004,10000000.0,,,0,150000.0,foreign,Mushin,automatic,petrol,False,3,False,https://autochek.africa/ng/car/ZOWkMVN1H
Autochek,f1B5VGCjq,TOYOTA Sienna,toyota,sienna,2005,10900000.0,,,0,50000.0,foreign,,automatic,petrol,False,3,False,https://autochek.africa/ng/car/f1B5VGCjq
Autochek,XaxvEGSR2,TOYOTA Sienna,toyota,sienna,2006,9800000.0,10298000.0,4.8,6,115764.0,foreign,Iyana Ipaja,automatic,petrol,True,3.700000047683716,False,https://autochek.africa/ng/car/XaxvEGSR2
Autochek,E86TiTKqA,TOYOTA Sienna,toyota,sienna,2006,10000000.0,9449000.0,-5.8,6,193867.0,foreign,Alimosho,automatic,petrol,True,2.4000000953674316,False,https://autochek.africa/ng/car/E86TiTKqA
Autochek,ppeDWNnhW,TOYOTA Sienna,toyota,sienna,2006,11500000.0,10000000.0,-15.0,6,,foreign,Lagos,automatic,petrol,False,3,False,https://autochek.africa/ng/car/ppeDWNnhW
Autochek,ZE04Ql0FU,TOYOTA Sienna,toyota,sienna,2007,8500000.0,9900000.0,14.1,10,120413.0,foreign,Agege,automatic,petrol,True,3.5999999046325684,False,https://autochek.africa/ng/car/ZE04Ql0FU
Autochek,wYs0sFvJ8,TOYOTA Sienna,toyota,sienna,2007,10000000.0,10178000.0,1.7,10,90000.0,foreign,Berger,automatic,petrol,False,3,False,https://autochek.africa/ng/car/wYs0sFvJ8
Autochek,3ctXnS4NK,TOYOTA Sienna,toyota,sienna,2007,10500000.0,9508000.0,-10.4,10,150000.0,foreign,Mushin,automatic,petrol,False,3,False,https://autochek.africa/ng/car/3ctXnS4NK
Autochek,aRdd_ek0f,TOYOTA Sienna,toyota,sienna,2008,8500000.0,8704000.0,2.3,8,209823.0,foreign,Lagos Mainland,automatic,petrol,True,3.4000000953674316,False,https://autochek.africa/ng/car/aRdd_ek0f
Autochek,SqAOTHzPzG,TOYOTA Sienna,toyota,sienna,2008,8500000.0,9726000.0,12.6,8,105000.0,foreign,Ogudu,automatic,petrol,False,3,False,https://autochek.africa/ng/car/SqAOTHzPzG
Autochek,DMiLInwKf,TOYOTA Sienna,toyota,sienna,2008,9300000.0,9774000.0,4.8,8,102547.0,foreign,Apapa,automatic,petrol,False,3,False,https://autochek.africa/ng/car/DMiLInwKf
Autochek,Xq_F6kCCv,TOYOTA Sienna,toyota,sienna,2008,10000000.0,9400000.0,-6.4,8,,foreign,Festac,automatic,petrol,False,3,False,https://autochek.africa/ng/car/Xq_F6kCCv
Autochek,eV--oOiR4,TOYOTA Sienna,toyota,sienna,2008,10000000.0,,,0,113543.0,local,Gwarinpa,automatic,petrol,False,3,False,https://autochek.africa/ng/car/eV--oOiR4
Autochek,0jZrlSdxn,TOYOTA Sienna,toyota,sienna,2008,11500000.0,9576000.0,-20.1,8,86228.0,foreign,Gwarimpa ,automatic,petrol,False,3,False,https://autochek.africa/ng/car/0jZrlSdxn
Autochek,dXVZqelX5,TOYOTA Sienna,toyota,sienna,2009,9500000.0,10277000.0,7.6,9,21993.0,foreign,ikeja,automatic,petrol,True,3.5,False,https://autochek.africa/ng/car/dXVZqelX5
Autochek,1DYiPVUiL,TOYOTA Sienna,toyota,sienna,2010,9000000.0,12378000.0,27.3,11,110011.0,foreign,lekki,automatic,petrol,False,3,False,https://autochek.africa/ng/car/1DYiPVUiL
Autochek,fnYaBVHgW,TOYOTA Sienna,toyota,sienna,2010,9500000.0,11207000.0,15.2,11,203704.0,foreign,Lagos ,automatic,petrol,True,3.700000047683716,False,https://autochek.africa/ng/car/fnYaBVHgW
Autochek,ieYt42JEQ,TOYOTA Sienna,toyota,sienna,2010,11000000.0,12484000.0,11.9,11,101562.0,foreign,Abule Egba,automatic,petrol,True,3.5,False,https://autochek.africa/ng/car/ieYt42JEQ
Autochek,8zs2Q41zn,TOYOTA Sienna,toyota,sienna,2010,11500000.0,12516000.0,8.1,11,100250.0,foreign,,automatic,petrol,True,3.4000000953674316,False,https://autochek.africa/ng/car/8zs2Q41zn
Autochek,Hv4qV2bdT,TOYOTA Sienna,toyota,sienna,2011,9500000.0,,,0,15621.0,local,,automatic,petrol,False,3,False,https://autochek.africa/ng/car/Hv4qV2bdT
Autochek,Uri6Y0y_l,TOYOTA Sienna,toyota,sienna,2011,11000000.0,,,0,56785.0,local,Gwarimpa ,automatic,petrol,False,3,False,https://autochek.africa/ng/car/Uri6Y0y_l
Autochek,Ic5HWQaYk,TOYOTA Sienna,toyota,sienna,2011,12000000.0,13412000.0,10.5,13,108056.0,foreign,,automatic,petrol,True,4.099999904632568,False,https://autochek.africa/ng/car/Ic5HWQaYk
Autochek,gQ_d7y29S,TOYOTA Sienna,toyota,sienna,2011,12000000.0,,,0,120000.0,local,Gwarimpa ,automatic,petrol,False,3,False,https://autochek.africa/ng/car/gQ_d7y29S
Autochek,EYNFEK1Be,TOYOTA Sienna,toyota,sienna,2011,12500000.0,13805000.0,9.5,13,85428.0,foreign,Lagos,automatic,petrol,True,3.799999952316284,False,https://autochek.africa/ng/car/EYNFEK1Be
Autochek,vIZrqLbHR,TOYOTA Sienna,toyota,sienna,2011,13500000.0,12631000.0,-6.9,13,97569.0,foreign,,automatic,petrol,False,3,False,https://autochek.africa/ng/car/vIZrqLbHR
Autochek,4u8zmnSWY,TOYOTA Sienna,toyota,sienna,2011,14000000.0,10625000.0,-31.8,13,299067.0,foreign,Lagos ,automatic,petrol,False,4,False,https://autochek.africa/ng/cars-for-sale/toyota/sienna/4u8zmnSWY
Autochek,IWJ15U3wm,TOYOTA Sienna,toyota,sienna,2011,14500000.0,12976000.0,-11.7,13,70000.0,foreign,Kubuwa Expressway,automatic,petrol,False,3,False,https://autochek.africa/ng/car/IWJ15U3wm
Autochek,nAsIBIVuj,TOYOTA Sienna,toyota,sienna,2011,15500000.0,12620000.0,-22.8,13,98453.0,foreign,Apapa,automatic,petrol,True,3.799999952316284,False,https://autochek.africa/ng/car/nAsIBIVuj
Autochek,vqLevhTvM,TOYOTA Sienna,toyota,sienna,2011,16500000.0,10625000.0,-55.3,13,310000.0,foreign,Gwarinpa,automatic,petrol,False,3,False,https://autochek.africa/ng/car/vqLevhTvM
Autochek,qxcajnjGd,TOYOTA Sienna,toyota,sienna,2012,7500000.0,,,0,3000.0,local,,automatic,petrol,False,3,False,https://autochek.africa/ng/car/qxcajnjGd
Autochek,wfnPT6PRt,TOYOTA Sienna,toyota,sienna,2012,12500000.0,12112000.0,-3.2,12,263117.0,foreign,,automatic,petrol,False,3,False,https://autochek.africa/ng/car/wfnPT6PRt
Autochek,IIqIbYW-j,TOYOTA Sienna,toyota,sienna,2012,14000000.0,14425000.0,2.9,12,91000.0,foreign,ojodu berger,automatic,petrol,False,3,False,https://autochek.africa/ng/car/IIqIbYW-j
Autochek,ssvAz4VD-,TOYOTA Sienna,toyota,sienna,2012,16000000.0,13678000.0,-17.0,12,121000.0,foreign,,automatic,petrol,False,3,False,https://autochek.africa/ng/car/ssvAz4VD-
Autochek,_IrlKh_t5,TOYOTA Sienna,toyota,sienna,2013,14000000.0,16253000.0,13.9,6,82086.0,foreign,Gwarinpa,automatic,petrol,False,3,False,https://autochek.africa/ng/car/_IrlKh_t5
Autochek,4LMOJaIaj,TOYOTA Sienna,toyota,sienna,2013,15800000.0,15529000.0,-1.7,6,69000.0,foreign,Agege,automatic,petrol,False,3,False,https://autochek.africa/ng/car/4LMOJaIaj
Autochek,9rTo4diUb,TOYOTA Sienna,toyota,sienna,2013,16000000.0,14496000.0,-10.4,6,117581.0,foreign,Igando,automatic,petrol,True,3.799999952316284,False,https://autochek.africa/ng/car/9rTo4diUb
Autochek,So8GIQyq7,TOYOTA Sienna,toyota,sienna,2014,23000000.0,15909000.0,-44.6,6,90000.0,foreign,Berger,automatic,petrol,False,3,False,https://autochek.africa/ng/car/So8GIQyq7
Autochek,gsSbKzuly,TOYOTA Sienna,toyota,sienna,2015,14000000.0,,,0,154333.0,local,Gwarinpa,automatic,petrol,False,3,False,https://autochek.africa/ng/car/gsSbKzuly
Autochek,QNFTVMn_z,TOYOTA Sienna,toyota,sienna,2015,15000000.0,,,0,,local,Idimu,automatic,petrol,False,3,False,https://autochek.africa/ng/car/QNFTVMn_z
Autochek,kSt-PZqGl,TOYOTA Sienna,toyota,sienna,2015,16500000.0,19920000.0,17.2,5,69000.0,foreign,Agege,automatic,petrol,False,3,False,https://autochek.africa/ng/car/kSt-PZqGl
Autochek,fdBXWyCCz,TOYOTA Sienna,toyota,sienna,2015,20000000.0,20380000.0,1.9,5,50000.0,foreign,Surulere,automatic,petrol,False,3,False,https://autochek.africa/ng/car/fdBXWyCCz
Autochek,b_dTT1-96,TOYOTA Sienna,toyota,sienna,2015,20000000.0,20380000.0,1.9,5,50000.0,foreign,,automatic,petrol,False,3,False,https://autochek.africa/ng/car/b_dTT1-96
Autochek,hzM7kZ2id,TOYOTA Sienna,toyota,sienna,2016,19000000.0,20080000.0,5.4,5,65000.0,foreign,Kubuwa Expressway,automatic,petrol,False,3,False,https://autochek.africa/ng/car/hzM7kZ2id
Autochek,CNCD7MGiA,TOYOTA Sienna,toyota,sienna,2016,25000000.0,19500000.0,-28.2,5,90000.0,foreign,Berger,automatic,petrol,False,3,False,https://autochek.africa/ng/car/CNCD7MGiA
Autochek,oct1rO6nY,TOYOTA Sienna,toyota,sienna,2017,25000000.0,,,0,91234.0,foreign,Gbagada,automatic,petrol,False,3,False,https://autochek.africa/ng/cars-for-sale/sienna/toyota/oct1rO6nY
Autochek,M-BdzjsXw,TOYOTA Sienna,toyota,sienna,2019,35500000.0,,,0,90680.0,foreign,Katampe,automatic,petrol,False,3,False,https://autochek.africa/ng/car/M-BdzjsXw
Autochek,R4E4ze6wX,TOYOTA Tacoma,toyota,tacoma,2006,18500000.0,,,0,97569.0,foreign,,manual,petrol,False,3,False,https://autochek.africa/ng/car/R4E4ze6wX
Autochek,XF6Z-4Uag,TOYOTA Tacoma,toyota,tacoma,2011,15800000.0,,,0,89000.0,foreign,Agege,automatic,petrol,False,3,False,https://autochek.africa/ng/car/XF6Z-4Uag
Autochek,i4JogD8OZ,TOYOTA Tacoma,toyota,tacoma,2011,20000000.0,,,0,97569.0,local,,duplex,petrol,False,3,False,https://autochek.africa/ng/car/i4JogD8OZ
Autochek,yNYOD9dTp,TOYOTA Tacoma,toyota,tacoma,2014,26000000.0,,,0,15000.0,foreign,ikeja,automatic,petrol,False,3,False,https://autochek.africa/ng/car/yNYOD9dTp
Autochek,NfW6tJmP3,TOYOTA Tacoma,toyota,tacoma,2017,31000000.0,,,0,31000.0,foreign,Surulere,automatic,petrol,False,3,False,https://autochek.africa/ng/car/NfW6tJmP3
Autochek,D0uIm3nWs,TOYOTA Tacoma,toyota,tacoma,2017,36000000.0,,,0,89000.0,foreign,Agege,automatic,petrol,False,3,False,https://autochek.africa/ng/car/D0uIm3nWs
Autochek,BWjjzdDjh,TOYOTA Tacoma,toyota,tacoma,2017,36500000.0,,,0,54518.0,foreign,Ikosi Ketu,automatic,petrol,False,3,False,https://autochek.africa/ng/car/BWjjzdDjh
Autochek,J_lcXRvBc,TOYOTA Tacoma,toyota,tacoma,2018,36000000.0,,,0,82000.0,foreign,Surulere,automatic,petrol,False,3,False,https://autochek.africa/ng/car/J_lcXRvBc
Autochek,qzr_P7Bv3,TOYOTA Tacoma,toyota,tacoma,2020,50000000.0,,,0,27543.0,local,,automatic,petrol,True,3.4000000953674316,False,https://autochek.africa/ng/car/qzr_P7Bv3
Autochek,Adetj939-,TOYOTA Tacoma,toyota,tacoma,2022,40000000.0,,,0,86543.0,foreign,,automatic,petrol,True,4.199999809265137,False,https://autochek.africa/ng/car/Adetj939-
Autochek,O3Xiydqld,TOYOTA Tacoma,toyota,tacoma,2025,90000000.0,,,0,76740.0,foreign,Ibadan,automatic,petrol,False,3,False,https://autochek.africa/ng/car/O3Xiydqld
Autochek,mjgCFVoUS,TOYOTA Tundra,toyota,tundra,2020,43500000.0,,,0,50000.0,foreign,Surulere,automatic,petrol,False,3,False,https://autochek.africa/ng/car/mjgCFVoUS
Autochek,ShpI-0hf_,TOYOTA Tundra,toyota,tundra,2023,50000000.0,,,0,10000.0,foreign,Lagos ,automatic,petrol,False,3,False,https://autochek.africa/ng/car/ShpI-0hf_
Autochek,NHOeuHCL9,TOYOTA Tundra,toyota,tundra,2023,100000000.0,,,0,10000.0,foreign,Alimosho,automatic,petrol,True,4.400000095367432,False,https://autochek.africa/ng/car/NHOeuHCL9
Autochek,b7e-SNUL8,TOYOTA Tundra,toyota,tundra,2024,95000000.0,,,0,4000.0,foreign,Ajah,automatic,petrol,True,4.400000095367432,False,https://autochek.africa/ng/car/b7e-SNUL8
Autochek,wrCMz4CZQ,TOYOTA Venza,toyota,venza,2009,7500000.0,,,0,238104.0,local,Gwarimpa ,automatic,petrol,False,3,False,https://autochek.africa/ng/car/wrCMz4CZQ
Autochek,C1iMP2j8g,TOYOTA Venza,toyota,venza,2009,10800000.0,,,0,81817.0,local,Lagos ,automatic,petrol,True,2.200000047683716,False,https://autochek.africa/ng/car/C1iMP2j8g
Autochek,kJAmMx1lE,TOYOTA Venza,toyota,venza,2009,14800000.0,15340000.0,3.5,6,128716.0,foreign,Ikeja,automatic,petrol,False,3,False,https://autochek.africa/ng/car/kJAmMx1lE
Autochek,lqzG00TYE,TOYOTA Venza,toyota,venza,2009,15500000.0,15711000.0,1.3,6,85000.0,foreign,Lagos,automatic,petrol,False,3,False,https://autochek.africa/ng/car/lqzG00TYE
Autochek,RqZZc-STG,TOYOTA Venza,toyota,venza,2009,16500000.0,14960000.0,-10.3,6,100008.0,foreign,Gwarinpa,automatic,petrol,False,3,False,https://autochek.africa/ng/car/RqZZc-STG
Autochek,zZFzSlcEs,TOYOTA Venza,toyota,venza,2009,18000000.0,15127000.0,-19.0,6,89000.0,foreign,,automatic,petrol,False,3,False,https://autochek.africa/ng/car/zZFzSlcEs
Autochek,7jo6xS96Y,TOYOTA Venza,toyota,venza,2010,9500000.0,13944000.0,31.9,6,50000.0,local,Sabo Yaba,automatic,petrol,False,3,False,https://autochek.africa/ng/car/7jo6xS96Y
Autochek,UvcOYJUeE,TOYOTA Venza,toyota,venza,2010,12000000.0,16329000.0,26.5,10,83223.0,foreign,Lagos,automatic,petrol,False,3,False,https://autochek.africa/ng/car/UvcOYJUeE
Autochek,IbXeMaif3,TOYOTA Venza,toyota,venza,2010,12800000.0,16219000.0,21.1,10,88732.0,foreign,Gwarimpa ,automatic,petrol,True,2.4000000953674316,False,https://autochek.africa/ng/car/IbXeMaif3
Autochek,QvL5ChGqp,TOYOTA Venza,toyota,venza,2010,19500000.0,15779000.0,-23.6,10,86228.0,foreign,Abuja ,automatic,petrol,False,3,False,https://autochek.africa/ng/car/QvL5ChGqp
Autochek,vgbOr8SZq,TOYOTA Venza,toyota,venza,2011,11000000.0,14085000.0,21.9,5,150000.0,local,Ikorodu Road,automatic,petrol,False,3,False,https://autochek.africa/ng/car/vgbOr8SZq
Autochek,UVipH1F3q,TOYOTA Venza,toyota,venza,2011,15000000.0,10932000.0,-37.2,5,95155.0,local,Gudu District,automatic,petrol,False,3,False,https://autochek.africa/ng/car/UVipH1F3q
Autochek,56WDq1bfV,TOYOTA Venza,toyota,venza,2011,15500000.0,17233000.0,10.1,8,10342.0,foreign,,automatic,petrol,False,3,False,https://autochek.africa/ng/car/56WDq1bfV
Autochek,-mXueZp8G,TOYOTA Venza,toyota,venza,2011,15500000.0,9350000.0,-65.8,5,241208.0,local,Mushin,automatic,petrol,True,4.300000190734863,False,https://autochek.africa/ng/car/-mXueZp8G
Autochek,Dm7-qfNhg,TOYOTA Venza,toyota,venza,2011,16000000.0,16933000.0,5.5,8,12345.0,foreign,,automatic,petrol,False,3,False,https://autochek.africa/ng/car/Dm7-qfNhg
Autochek,xgGKoLNvb,TOYOTA Venza,toyota,venza,2011,16500000.0,14746000.0,-11.9,8,150000.0,foreign,Ikorodu Road,automatic,petrol,False,3,False,https://autochek.africa/ng/car/xgGKoLNvb
Autochek,zWw-Kpz5B,TOYOTA Venza,toyota,venza,2011,18500000.0,11203000.0,-65.1,5,76740.0,local,Agidingbi,automatic,petrol,False,3,False,https://autochek.africa/ng/car/zWw-Kpz5B
Autochek,XYO404859,TOYOTA Venza,toyota,venza,2011,20000000.0,15731000.0,-27.1,8,87433.0,foreign,Surulere,automatic,petrol,False,3,False,https://autochek.africa/ng/car/XYO404859
Autochek,bW-9dzekD,TOYOTA Venza,toyota,venza,2012,8000000.0,14196000.0,43.6,6,89000.0,local,Apo Resetlement,automatic,petrol,False,3,False,https://autochek.africa/ng/car/bW-9dzekD
Autochek,zFbfBeZeZ,TOYOTA Venza,toyota,venza,2012,14000000.0,16396000.0,14.6,10,98000.0,foreign,,automatic,petrol,False,3,False,https://autochek.africa/ng/car/zFbfBeZeZ
Autochek,QU7DOqq8h,TOYOTA Venza,toyota,venza,2012,16000000.0,16250000.0,1.5,10,,foreign,Idimu,automatic,petrol,False,3,False,https://autochek.africa/ng/car/QU7DOqq8h
Autochek,z6EJ9TqXY,TOYOTA Venza,toyota,venza,2013,11800000.0,,,0,110911.0,local,Lagos,automatic,petrol,True,4,False,https://autochek.africa/ng/car/z6EJ9TqXY
Autochek,oYU8qxV_w,TOYOTA Venza,toyota,venza,2013,13000000.0,,,0,31251.0,local,lekki,automatic,petrol,False,3,False,https://autochek.africa/ng/car/oYU8qxV_w
Autochek,bpQo5KVot,TOYOTA Venza,toyota,venza,2013,13500000.0,14625000.0,7.7,8,198000.0,foreign,Abule Egba,automatic,petrol,False,3,False,https://autochek.africa/ng/car/bpQo5KVot
Autochek,76W25fa_Z,TOYOTA Venza,toyota,venza,2013,15900000.0,14151000.0,-12.4,8,227142.0,foreign,Gwarinpa,automatic,petrol,False,3,False,https://autochek.africa/ng/car/76W25fa_Z
Autochek,o4VJ_jB65,TOYOTA Venza,toyota,venza,2013,18000000.0,14802000.0,-21.6,8,170000.0,foreign,CBD,automatic,petrol,False,3,False,https://autochek.africa/ng/car/o4VJ_jB65
Autochek,Q5OKxELK7,TOYOTA Venza,toyota,venza,2013,18000000.0,15806000.0,-13.9,8,107000.0,foreign,Alimosho,automatic,petrol,False,3,False,https://autochek.africa/ng/car/Q5OKxELK7
Autochek,TEYEfAzVn,TOYOTA Venza,toyota,venza,2013,19000000.0,16859000.0,-12.7,8,50000.0,foreign,Surulere,automatic,petrol,False,3,False,https://autochek.africa/ng/car/TEYEfAzVn
Autochek,nJ_qQKHYc,TOYOTA Venza,toyota,venza,2014,15500000.0,18607000.0,16.7,7,96081.0,foreign,Gwarimpa ,automatic,petrol,False,3,False,https://autochek.africa/ng/car/nJ_qQKHYc
Autochek,hrBlokR4b,TOYOTA Venza,toyota,venza,2014,16500000.0,18572000.0,11.2,7,98000.0,foreign,,automatic,petrol,False,3,False,https://autochek.africa/ng/car/hrBlokR4b
Autochek,yPAcQVbsJ,TOYOTA Venza,toyota,venza,2015,19500000.0,,,0,129798.0,foreign,ikeja,automatic,petrol,False,3,False,https://autochek.africa/ng/car/yPAcQVbsJ
Autochek,Uc023knx4,TOYOTA Venza,toyota,venza,2016,24000000.0,,,0,,foreign,Abuja,automatic,petrol,False,3,False,https://autochek.africa/ng/car/Uc023knx4
Autochek,8tQNnTRJE,TOYOTA Yaris,toyota,yaris,2007,4500000.0,,,0,89000.0,local,Ifako Agege,automatic,petrol,False,3,False,https://autochek.africa/ng/car/8tQNnTRJE
Autochek,hGkOzPcJ_,TOYOTA Yaris,toyota,yaris,2016,14800000.0,,,0,121505.0,foreign,Apapa,automatic,petrol,True,4.099999904632568,False,https://autochek.africa/ng/car/hGkOzPcJ_
Carlots,i19422,Foreign Used 2013 Volkswagen Jetta,volkswagen,jetta,2013,12000000.0,,,0,,,,,,False,,False,https://carlots.ng/foreign-used-2013-volkswagen-jetta_i19422.html
Autochek,IkcG2fgwO,Volvo XC60,volvo,xc60,2019,45000000.0,,,0,1200.0,foreign,Lagos,automatic,petrol,True,4.400000095367432,False,https://autochek.africa/ng/car/IkcG2fgwO
Autochek,ecy-q2kwJ,Volvo XC90,volvo,xc90,2016,30000000.0,,,0,1200.0,foreign,Lagos,automatic,petrol,True,4.400000095367432,False,https://autochek.africa/ng/car/ecy-q2kwJ
